1.00,s,729415.86,iops,,p90,27,p99,32,p999,63,p9999,160,p99999,266
2.02,s,705630.76,iops,,p90,28,p99,33,p999,64,p9999,159,p99999,390
3.03,s,728656.33,iops,,p90,27,p99,32,p999,52,p9999,209,p99999,3589
4.05,s,735241.31,iops,,p90,27,p99,32,p999,49,p9999,152,p99999,281
5.06,s,731512.50,iops,,p90,27,p99,32,p999,60,p9999,204,p99999,841
6.08,s,720532.28,iops,,p90,28,p99,34,p999,78,p9999,194,p99999,678
7.09,s,723243.53,iops,,p90,28,p99,33,p999,62,p9999,212,p99999,1243
8.11,s,712083.20,iops,,p90,28,p99,33,p999,58,p9999,162,p99999,417
9.12,s,700774.36,iops,,p90,29,p99,34,p999,73,p9999,194,p99999,718
10.14,s,704963.05,iops,,p90,29,p99,34,p999,70,p9999,189,p99999,901
11.15,s,736238.82,iops,,p90,27,p99,32,p999,55,p9999,156,p99999,593
12.17,s,711668.01,iops,,p90,28,p99,33,p999,74,p9999,613,p99999,4104
13.18,s,420507.28,iops,,p90,28,p99,45,p999,2157,p9999,2166,p99999,2174
14.19,s,740347.52,iops,,p90,27,p99,32,p999,54,p9999,155,p99999,261
15.21,s,722585.53,iops,,p90,28,p99,33,p999,69,p9999,186,p99999,437
16.23,s,601448.40,iops,,p90,28,p99,34,p999,2149,p9999,2158,p99999,2167
17.24,s,710054.81,iops,,p90,28,p99,33,p999,55,p9999,177,p99999,464
18.25,s,616322.08,iops,,p90,29,p99,35,p999,2141,p9999,2157,p99999,2163
19.27,s,235236.42,iops,,p90,28,p99,2149,p999,2158,p9999,2168,p99999,3203
20.27,s,737243.89,iops,,p90,27,p99,32,p999,53,p9999,136,p99999,245
21.29,s,321341.29,iops,,p90,29,p99,2143,p999,2158,p9999,2168,p99999,2171
22.29,s,193490.33,iops,,p90,30,p99,2152,p999,2159,p9999,2171,p99999,3217
23.30,s,739410.72,iops,,p90,27,p99,32,p999,52,p9999,144,p99999,239
24.31,s,578982.82,iops,,p90,34,p99,45,p999,435,p9999,2158,p99999,2857
25.33,s,426302.32,iops,,p90,27,p99,43,p999,2162,p9999,2184,p99999,2358
26.34,s,733030.79,iops,,p90,27,p99,32,p999,51,p9999,144,p99999,232
27.35,s,726678.08,iops,,p90,28,p99,33,p999,64,p9999,214,p99999,1381
28.37,s,730464.74,iops,,p90,27,p99,32,p999,59,p9999,204,p99999,1178
29.38,s,731605.31,iops,,p90,27,p99,32,p999,50,p9999,150,p99999,230
30.40,s,707223.86,iops,,p90,28,p99,34,p999,71,p9999,171,p99999,1159
31.41,s,728931.87,iops,,p90,28,p99,33,p999,74,p9999,187,p99999,1003
32.43,s,736751.82,iops,,p90,27,p99,32,p999,52,p9999,211,p99999,893
33.44,s,726348.22,iops,,p90,28,p99,33,p999,64,p9999,235,p99999,883
34.46,s,720589.50,iops,,p90,28,p99,33,p999,70,p9999,213,p99999,1154
35.48,s,729974.32,iops,,p90,27,p99,33,p999,50,p9999,140,p99999,768
36.49,s,609441.02,iops,,p90,28,p99,34,p999,2150,p9999,2164,p99999,2172
37.50,s,56164.30,iops,,p90,2137,p99,2160,p999,2172,p9999,2325,p99999,3227
38.51,s,736341.99,iops,,p90,27,p99,32,p999,54,p9999,109,p99999,247
39.52,s,314456.61,iops,,p90,27,p99,32,p999,52,p9999,196,p99999,242
1.00,s,739961.16,iops,,p90,27,p99,32,p999,46,p9999,164,p99999,253
2.02,s,731442.69,iops,,p90,27,p99,32,p999,57,p9999,233,p99999,860
3.04,s,724043.05,iops,,p90,28,p99,32,p999,53,p9999,169,p99999,266
4.06,s,736551.87,iops,,p90,27,p99,32,p999,53,p9999,143,p99999,249
5.08,s,713662.15,iops,,p90,28,p99,33,p999,63,p9999,243,p99999,798
6.10,s,723577.49,iops,,p90,28,p99,33,p999,65,p9999,186,p99999,1293
7.12,s,722870.59,iops,,p90,28,p99,33,p999,54,p9999,160,p99999,240
8.14,s,724908.34,iops,,p90,28,p99,32,p999,58,p9999,186,p99999,283
9.16,s,712211.73,iops,,p90,28,p99,33,p999,64,p9999,196,p99999,285
10.18,s,709866.91,iops,,p90,28,p99,33,p999,54,p9999,155,p99999,214
11.20,s,725672.54,iops,,p90,28,p99,32,p999,59,p9999,164,p99999,1202
12.22,s,712760.53,iops,,p90,28,p99,33,p999,63,p9999,165,p99999,215
13.24,s,509006.68,iops,,p90,28,p99,34,p999,2153,p9999,2164,p99999,2169
14.25,s,722332.80,iops,,p90,28,p99,33,p999,56,p9999,188,p99999,817
15.26,s,233283.50,iops,,p90,28,p99,2150,p999,2157,p9999,2169,p99999,2272
16.27,s,369579.24,iops,,p90,29,p99,1094,p999,2156,p9999,2163,p99999,2166
17.28,s,688027.50,iops,,p90,29,p99,36,p999,128,p9999,854,p99999,3450
18.30,s,655893.39,iops,,p90,31,p99,38,p999,161,p9999,460,p99999,1008
19.31,s,732072.85,iops,,p90,27,p99,32,p999,52,p9999,159,p99999,232
20.34,s,721423.76,iops,,p90,28,p99,32,p999,52,p9999,163,p99999,234
21.35,s,714960.40,iops,,p90,28,p99,33,p999,65,p9999,168,p99999,216
22.37,s,709312.97,iops,,p90,28,p99,33,p999,61,p9999,154,p99999,234
23.38,s,713639.53,iops,,p90,28,p99,33,p999,56,p9999,208,p99999,1140
24.40,s,706157.79,iops,,p90,28,p99,33,p999,63,p9999,168,p99999,378
25.42,s,680614.66,iops,,p90,28,p99,33,p999,110,p9999,2154,p99999,2159
26.44,s,727966.95,iops,,p90,27,p99,32,p999,58,p9999,220,p99999,1536
27.46,s,714147.83,iops,,p90,28,p99,33,p999,61,p9999,170,p99999,213
28.49,s,674943.22,iops,,p90,28,p99,32,p999,196,p9999,2157,p99999,2188
29.50,s,732669.66,iops,,p90,27,p99,32,p999,56,p9999,138,p99999,217
30.52,s,288529.89,iops,,p90,28,p99,2145,p999,2158,p9999,2166,p99999,2169
31.52,s,351906.97,iops,,p90,28,p99,1109,p999,2156,p9999,2163,p99999,2168
32.53,s,718233.87,iops,,p90,28,p99,33,p999,54,p9999,179,p99999,940
33.55,s,343136.21,iops,,p90,28,p99,1100,p999,2155,p9999,2163,p99999,2168
34.56,s,332646.87,iops,,p90,28,p99,2140,p999,2156,p9999,2164,p99999,2319
35.57,s,717140.16,iops,,p90,28,p99,33,p999,58,p9999,128,p99999,224
36.58,s,357401.06,iops,,p90,28,p99,1097,p999,2156,p9999,2164,p99999,2169
37.59,s,267442.67,iops,,p90,28,p99,2148,p999,2158,p9999,2174,p99999,2328
38.60,s,442500.70,iops,,p90,28,p99,37,p999,2154,p9999,2162,p99999,2232
39.61,s,13767.57,iops,,p90,2154,p99,2162,p999,2173,p9999,2185,p99999,2185
40.61,s,282384.46,iops,,p90,29,p99,2146,p999,2159,p9999,2167,p99999,2295
41.61,s,718266.96,iops,,p90,28,p99,32,p999,54,p9999,138,p99999,367
42.63,s,94492.72,iops,,p90,22,p99,28,p999,160,p9999,443,p99999,507
1.00,s,757771.68,iops,,p90,26,p99,31,p999,48,p9999,269,p99999,517
2.02,s,730809.47,iops,,p90,27,p99,32,p999,63,p9999,458,p99999,686
3.03,s,747512.12,iops,,p90,26,p99,31,p999,50,p9999,274,p99999,394
4.05,s,733243.31,iops,,p90,27,p99,32,p999,56,p9999,387,p99999,550
5.06,s,737292.84,iops,,p90,27,p99,31,p999,59,p9999,430,p99999,689
6.08,s,702493.16,iops,,p90,28,p99,34,p999,83,p9999,522,p99999,1834
7.09,s,730668.76,iops,,p90,27,p99,32,p999,63,p9999,387,p99999,517
8.11,s,745430.49,iops,,p90,26,p99,32,p999,53,p9999,377,p99999,806
9.13,s,699931.33,iops,,p90,29,p99,33,p999,68,p9999,213,p99999,648
10.14,s,714674.48,iops,,p90,28,p99,33,p999,61,p9999,213,p99999,1173
11.16,s,738759.78,iops,,p90,27,p99,32,p999,51,p9999,152,p99999,278
12.17,s,706735.37,iops,,p90,28,p99,33,p999,72,p9999,202,p99999,1292
13.19,s,327740.78,iops,,p90,28,p99,2141,p999,2156,p9999,2164,p99999,2169
14.20,s,734070.69,iops,,p90,27,p99,32,p999,55,p9999,154,p99999,237
15.21,s,702840.50,iops,,p90,29,p99,34,p999,62,p9999,187,p99999,325
16.23,s,614867.74,iops,,p90,28,p99,34,p999,2148,p9999,2159,p99999,2167
17.24,s,723558.09,iops,,p90,28,p99,32,p999,50,p9999,163,p99999,228
18.26,s,471668.96,iops,,p90,28,p99,36,p999,2154,p9999,2163,p99999,2173
19.27,s,258737.08,iops,,p90,28,p99,2150,p999,2157,p9999,2164,p99999,2325
20.27,s,727856.28,iops,,p90,27,p99,32,p999,50,p9999,162,p99999,236
21.29,s,461532.70,iops,,p90,28,p99,36,p999,2154,p9999,2163,p99999,2299
22.30,s,260547.20,iops,,p90,28,p99,2149,p999,2156,p9999,2163,p99999,2176
23.30,s,440308.07,iops,,p90,27,p99,36,p999,2154,p9999,2162,p99999,2170
24.31,s,13751.76,iops,,p90,2154,p99,2164,p999,2176,p9999,2199,p99999,2199
25.31,s,188041.78,iops,,p90,30,p99,2151,p999,2161,p9999,2168,p99999,2173
26.32,s,730085.41,iops,,p90,27,p99,32,p999,54,p9999,150,p99999,1252
27.33,s,528223.81,iops,,p90,33,p99,44,p999,2151,p9999,2172,p99999,3012
28.35,s,184465.85,iops,,p90,31,p99,2153,p999,2166,p9999,2385,p99999,3912
29.35,s,731158.81,iops,,p90,27,p99,32,p999,51,p9999,103,p99999,221
30.37,s,718016.31,iops,,p90,28,p99,33,p999,60,p9999,152,p99999,233
31.38,s,718208.42,iops,,p90,28,p99,33,p999,68,p9999,214,p99999,349
32.40,s,726683.71,iops,,p90,27,p99,32,p999,52,p9999,153,p99999,225
33.41,s,730188.48,iops,,p90,28,p99,33,p999,66,p9999,172,p99999,238
34.43,s,724545.60,iops,,p90,28,p99,33,p999,60,p9999,190,p99999,232
35.44,s,723253.65,iops,,p90,28,p99,32,p999,49,p9999,152,p99999,1018
36.46,s,717254.95,iops,,p90,28,p99,33,p999,68,p9999,211,p99999,3126
37.47,s,369997.80,iops,,p90,28,p99,1095,p999,2156,p9999,2166,p99999,2170
38.48,s,730133.66,iops,,p90,27,p99,32,p999,49,p9999,131,p99999,1508
39.50,s,715777.19,iops,,p90,28,p99,34,p999,64,p9999,154,p99999,230
40.51,s,588442.91,iops,,p90,28,p99,34,p999,2151,p9999,2162,p99999,4766
41.53,s,365429.97,iops,,p90,26,p99,31,p999,44,p9999,117,p99999,229
1.00,s,711732.31,iops,,p90,28,p99,32,p999,44,p9999,179,p99999,270
2.02,s,724188.53,iops,,p90,28,p99,32,p999,56,p9999,179,p99999,214
3.04,s,730180.96,iops,,p90,28,p99,31,p999,62,p9999,160,p99999,244
4.06,s,755721.50,iops,,p90,26,p99,31,p999,65,p9999,178,p99999,725
5.07,s,746044.25,iops,,p90,27,p99,31,p999,59,p9999,189,p99999,883
6.09,s,740020.87,iops,,p90,27,p99,31,p999,53,p9999,170,p99999,1040
7.11,s,741723.13,iops,,p90,27,p99,31,p999,57,p9999,177,p99999,231
8.14,s,739526.38,iops,,p90,27,p99,32,p999,60,p9999,184,p99999,214
9.15,s,751568.74,iops,,p90,26,p99,31,p999,77,p9999,205,p99999,1593
10.17,s,738461.84,iops,,p90,27,p99,31,p999,62,p9999,204,p99999,623
11.19,s,761781.80,iops,,p90,26,p99,30,p999,66,p9999,179,p99999,208
12.21,s,743014.73,iops,,p90,27,p99,31,p999,73,p9999,189,p99999,218
13.23,s,750671.72,iops,,p90,26,p99,31,p999,58,p9999,160,p99999,203
14.25,s,750077.60,iops,,p90,27,p99,31,p999,59,p9999,197,p99999,1146
15.27,s,746712.93,iops,,p90,27,p99,31,p999,53,p9999,193,p99999,1941
16.29,s,737978.28,iops,,p90,27,p99,31,p999,65,p9999,174,p99999,1601
17.30,s,751441.57,iops,,p90,26,p99,30,p999,61,p9999,165,p99999,4025
18.32,s,751810.93,iops,,p90,27,p99,31,p999,60,p9999,183,p99999,944
19.34,s,761864.13,iops,,p90,26,p99,30,p999,53,p9999,150,p99999,225
20.36,s,749521.48,iops,,p90,27,p99,30,p999,56,p9999,194,p99999,772
21.38,s,733341.62,iops,,p90,27,p99,31,p999,58,p9999,159,p99999,210
22.40,s,737459.33,iops,,p90,27,p99,31,p999,63,p9999,163,p99999,216
23.42,s,761680.11,iops,,p90,26,p99,30,p999,50,p9999,156,p99999,224
24.44,s,753163.09,iops,,p90,27,p99,30,p999,54,p9999,175,p99999,221
25.46,s,751875.83,iops,,p90,27,p99,30,p999,56,p9999,177,p99999,226
26.49,s,753886.08,iops,,p90,27,p99,30,p999,61,p9999,167,p99999,240
27.51,s,749169.80,iops,,p90,27,p99,31,p999,64,p9999,153,p99999,578
28.53,s,754450.32,iops,,p90,26,p99,30,p999,54,p9999,167,p99999,223
29.55,s,745146.59,iops,,p90,27,p99,31,p999,63,p9999,202,p99999,1453
30.57,s,751173.37,iops,,p90,27,p99,31,p999,53,p9999,161,p99999,226
31.59,s,354883.82,iops,,p90,26,p99,1105,p999,2157,p9999,2173,p99999,2316
32.60,s,735953.65,iops,,p90,27,p99,31,p999,65,p9999,2146,p99999,2165
33.62,s,631467.11,iops,,p90,28,p99,33,p999,2145,p9999,2161,p99999,2169
34.63,s,44045.21,iops,,p90,2147,p99,2159,p999,2169,p9999,2188,p99999,2326
35.64,s,13730.38,iops,,p90,2154,p99,2162,p999,2170,p9999,2173,p99999,2173
36.64,s,393229.54,iops,,p90,26,p99,30,p999,2150,p9999,2163,p99999,2174
1.00,s,734589.84,iops,,p90,26,p99,30,p999,52,p9999,350,p99999,535
2.02,s,758612.74,iops,,p90,25,p99,29,p999,72,p9999,467,p99999,2096
3.04,s,760784.71,iops,,p90,25,p99,30,p999,55,p9999,375,p99999,569
4.06,s,738923.64,iops,,p90,26,p99,30,p999,75,p9999,384,p99999,506
5.08,s,754351.01,iops,,p90,27,p99,31,p999,62,p9999,173,p99999,214
6.09,s,749813.96,iops,,p90,27,p99,31,p999,55,p9999,157,p99999,934
7.11,s,757526.15,iops,,p90,26,p99,30,p999,57,p9999,170,p99999,225
8.13,s,758023.42,iops,,p90,26,p99,30,p999,55,p9999,168,p99999,1157
9.14,s,710446.30,iops,,p90,28,p99,34,p999,81,p9999,179,p99999,783
10.16,s,737517.86,iops,,p90,27,p99,32,p999,62,p9999,193,p99999,221
11.17,s,771953.49,iops,,p90,26,p99,30,p999,56,p9999,164,p99999,221
12.19,s,741550.22,iops,,p90,27,p99,32,p999,56,p9999,188,p99999,222
13.21,s,756935.37,iops,,p90,26,p99,30,p999,60,p9999,164,p99999,657
14.22,s,743963.56,iops,,p90,27,p99,30,p999,54,p9999,166,p99999,1609
15.24,s,755998.73,iops,,p90,26,p99,30,p999,65,p9999,173,p99999,243
16.25,s,760023.34,iops,,p90,26,p99,30,p999,70,p9999,177,p99999,226
17.27,s,738176.30,iops,,p90,27,p99,31,p999,68,p9999,163,p99999,231
18.29,s,758767.80,iops,,p90,26,p99,30,p999,60,p9999,199,p99999,1028
19.30,s,763078.80,iops,,p90,26,p99,30,p999,57,p9999,129,p99999,234
20.32,s,741970.60,iops,,p90,27,p99,31,p999,60,p9999,152,p99999,919
21.33,s,730181.11,iops,,p90,27,p99,31,p999,60,p9999,152,p99999,1120
22.35,s,762113.98,iops,,p90,26,p99,30,p999,49,p9999,144,p99999,223
23.37,s,746174.40,iops,,p90,27,p99,30,p999,59,p9999,133,p99999,221
24.38,s,759198.69,iops,,p90,26,p99,30,p999,56,p9999,154,p99999,219
25.40,s,762895.17,iops,,p90,26,p99,29,p999,56,p9999,148,p99999,899
26.41,s,763232.11,iops,,p90,26,p99,29,p999,57,p9999,198,p99999,775
27.43,s,750709.97,iops,,p90,27,p99,30,p999,55,p9999,164,p99999,546
28.45,s,727573.20,iops,,p90,27,p99,31,p999,60,p9999,149,p99999,1409
29.46,s,764578.63,iops,,p90,26,p99,30,p999,56,p9999,153,p99999,231
30.48,s,526309.47,iops,,p90,26,p99,31,p999,2153,p9999,2162,p99999,2177
31.49,s,707336.33,iops,,p90,26,p99,30,p999,138,p9999,2157,p99999,2222
32.50,s,462970.15,iops,,p90,26,p99,35,p999,2153,p9999,2163,p99999,2169
33.51,s,580954.78,iops,,p90,26,p99,30,p999,2151,p9999,2157,p99999,2161
34.52,s,430305.41,iops,,p90,29,p99,43,p999,2153,p9999,2159,p99999,2188
35.53,s,151576.46,iops,,p90,27,p99,37,p999,46,p9999,227,p99999,301
1.00,s,730804.23,iops,,p90,27,p99,31,p999,47,p9999,157,p99999,879
2.01,s,757032.90,iops,,p90,26,p99,31,p999,62,p9999,380,p99999,1339
3.03,s,762744.88,iops,,p90,26,p99,30,p999,47,p9999,169,p99999,886
4.04,s,748729.50,iops,,p90,27,p99,31,p999,54,p9999,189,p99999,210
5.06,s,754551.76,iops,,p90,27,p99,30,p999,59,p9999,179,p99999,900
6.07,s,746150.90,iops,,p90,27,p99,31,p999,44,p9999,163,p99999,215
7.09,s,757608.67,iops,,p90,26,p99,31,p999,52,p9999,185,p99999,759
8.10,s,738368.13,iops,,p90,27,p99,31,p999,55,p9999,187,p99999,1403
9.12,s,724992.29,iops,,p90,28,p99,33,p999,84,p9999,190,p99999,361
10.14,s,761440.07,iops,,p90,26,p99,30,p999,45,p9999,159,p99999,205
11.16,s,751333.48,iops,,p90,27,p99,31,p999,42,p9999,170,p99999,217
12.18,s,755159.13,iops,,p90,27,p99,30,p999,59,p9999,177,p99999,235
13.20,s,762076.60,iops,,p90,26,p99,30,p999,47,p9999,167,p99999,226
14.22,s,756077.86,iops,,p90,27,p99,30,p999,58,p9999,171,p99999,1252
15.24,s,744122.32,iops,,p90,27,p99,31,p999,66,p9999,174,p99999,225
16.26,s,759642.99,iops,,p90,26,p99,30,p999,47,p9999,174,p99999,220
17.27,s,739736.66,iops,,p90,27,p99,31,p999,61,p9999,146,p99999,723
18.28,s,764261.67,iops,,p90,26,p99,30,p999,59,p9999,154,p99999,213
19.30,s,762660.88,iops,,p90,26,p99,30,p999,55,p9999,125,p99999,222
20.32,s,766576.60,iops,,p90,26,p99,29,p999,46,p9999,153,p99999,210
21.34,s,757059.12,iops,,p90,27,p99,30,p999,63,p9999,161,p99999,667
22.36,s,749930.96,iops,,p90,27,p99,31,p999,63,p9999,169,p99999,209
23.38,s,764324.82,iops,,p90,26,p99,30,p999,56,p9999,169,p99999,212
24.39,s,751187.13,iops,,p90,27,p99,30,p999,60,p9999,161,p99999,221
25.41,s,756753.69,iops,,p90,26,p99,30,p999,59,p9999,168,p99999,245
26.42,s,749391.46,iops,,p90,27,p99,30,p999,58,p9999,165,p99999,220
27.44,s,739712.29,iops,,p90,26,p99,30,p999,78,p9999,2153,p99999,2182
28.46,s,526021.66,iops,,p90,26,p99,31,p999,2153,p9999,2162,p99999,2212
29.47,s,512509.27,iops,,p90,27,p99,32,p999,2153,p9999,2160,p99999,2189
30.48,s,724010.43,iops,,p90,26,p99,30,p999,93,p9999,2155,p99999,2170
31.49,s,314851.83,iops,,p90,28,p99,2143,p999,2154,p9999,2162,p99999,2251
32.50,s,446401.08,iops,,p90,27,p99,36,p999,2154,p9999,2161,p99999,2166
33.51,s,13760.29,iops,,p90,2153,p99,2160,p999,2165,p9999,2168,p99999,2174
34.51,s,13753.10,iops,,p90,2152,p99,2160,p999,2163,p9999,2167,p99999,2167
35.51,s,13763.24,iops,,p90,2153,p99,2160,p999,2165,p9999,2276,p99999,2276
36.51,s,13746.02,iops,,p90,2153,p99,2159,p999,2376,p9999,2393,p99999,2393
37.51,s,13760.06,iops,,p90,2153,p99,2160,p999,2165,p9999,2167,p99999,2167
38.51,s,11904.06,iops,,p90,2152,p99,2160,p999,2178,p9999,3222,p99999,3222
39.51,s,8802.07,iops,,p90,2151,p99,2157,p999,4250,p9999,4283,p99999,4283
40.52,s,8797.96,iops,,p90,2151,p99,2156,p999,3211,p9999,4279,p99999,4279
41.52,s,8811.82,iops,,p90,2151,p99,2222,p999,3217,p9999,4274,p99999,4274
42.52,s,8799.99,iops,,p90,2152,p99,2158,p999,3224,p9999,4285,p99999,4285
43.52,s,8798.96,iops,,p90,2152,p99,2158,p999,3211,p9999,4282,p99999,4282
44.52,s,8820.96,iops,,p90,2152,p99,2158,p999,3227,p9999,4278,p99999,4278
45.52,s,716953.52,iops,,p90,26,p99,30,p999,79,p9999,2154,p99999,11627
46.54,s,763349.11,iops,,p90,26,p99,30,p999,48,p9999,149,p99999,687
47.56,s,170913.55,iops,,p90,24,p99,28,p999,37,p9999,179,p99999,1286
1.00,s,735483.99,iops,,p90,27,p99,32,p999,46,p9999,167,p99999,264
2.01,s,749611.37,iops,,p90,27,p99,31,p999,54,p9999,154,p99999,612
3.03,s,768055.49,iops,,p90,26,p99,30,p999,48,p9999,184,p99999,1210
4.05,s,761205.23,iops,,p90,26,p99,30,p999,56,p9999,177,p99999,232
5.06,s,761510.69,iops,,p90,26,p99,30,p999,67,p9999,181,p99999,233
6.08,s,745138.15,iops,,p90,27,p99,31,p999,68,p9999,203,p99999,855
7.10,s,743831.34,iops,,p90,27,p99,31,p999,58,p9999,172,p99999,236
8.12,s,746003.67,iops,,p90,27,p99,32,p999,62,p9999,180,p99999,357
9.13,s,748373.51,iops,,p90,27,p99,31,p999,78,p9999,180,p99999,229
10.15,s,768771.40,iops,,p90,26,p99,30,p999,49,p9999,164,p99999,213
11.16,s,748081.31,iops,,p90,26,p99,30,p999,58,p9999,172,p99999,2647
12.18,s,747076.75,iops,,p90,27,p99,30,p999,63,p9999,157,p99999,226
13.19,s,759130.10,iops,,p90,27,p99,30,p999,62,p9999,184,p99999,1076
14.21,s,765301.95,iops,,p90,26,p99,30,p999,66,p9999,164,p99999,211
15.23,s,765378.92,iops,,p90,26,p99,30,p999,57,p9999,172,p99999,214
16.25,s,758007.34,iops,,p90,26,p99,30,p999,59,p9999,173,p99999,1085
17.27,s,753968.79,iops,,p90,26,p99,30,p999,60,p9999,178,p99999,574
18.28,s,775634.17,iops,,p90,26,p99,30,p999,53,p9999,174,p99999,236
19.30,s,763861.95,iops,,p90,26,p99,30,p999,56,p9999,149,p99999,219
20.31,s,750662.81,iops,,p90,27,p99,30,p999,58,p9999,163,p99999,742
21.33,s,737583.30,iops,,p90,27,p99,31,p999,62,p9999,157,p99999,218
22.34,s,763204.70,iops,,p90,26,p99,30,p999,55,p9999,157,p99999,214
23.36,s,774383.96,iops,,p90,26,p99,29,p999,46,p9999,154,p99999,209
24.37,s,761112.41,iops,,p90,26,p99,30,p999,56,p9999,169,p99999,224
25.39,s,757590.87,iops,,p90,26,p99,30,p999,63,p9999,180,p99999,228
26.40,s,696504.27,iops,,p90,26,p99,31,p999,220,p9999,2157,p99999,2178
27.41,s,585590.49,iops,,p90,26,p99,31,p999,2152,p9999,2160,p99999,2168
28.43,s,671426.03,iops,,p90,27,p99,30,p999,1107,p9999,2156,p99999,2165
29.44,s,492228.54,iops,,p90,27,p99,32,p999,2154,p9999,2169,p99999,2214
30.45,s,306652.63,iops,,p90,27,p99,2147,p999,2155,p9999,2162,p99999,2171
31.45,s,633536.32,iops,,p90,28,p99,33,p999,2145,p9999,2156,p99999,2165
32.47,s,14442.07,iops,,p90,2153,p99,2161,p999,2173,p9999,2290,p99999,2290
33.47,s,13764.33,iops,,p90,2152,p99,2160,p999,2188,p9999,2267,p99999,2267
34.47,s,13750.88,iops,,p90,2152,p99,2159,p999,2164,p9999,2273,p99999,2273
35.47,s,13752.06,iops,,p90,2153,p99,2160,p999,2169,p9999,2170,p99999,3231
36.47,s,13755.88,iops,,p90,2153,p99,2160,p999,2281,p9999,2308,p99999,2309
37.47,s,13766.78,iops,,p90,2153,p99,2159,p999,2234,p9999,2279,p99999,2279
38.47,s,13745.00,iops,,p90,2154,p99,2161,p999,2165,p9999,2167,p99999,2167
39.47,s,13761.77,iops,,p90,2154,p99,2163,p999,2306,p9999,2335,p99999,3246
40.47,s,11240.85,iops,,p90,2152,p99,2160,p999,2167,p9999,2353,p99999,3210
41.47,s,8809.08,iops,,p90,2151,p99,2156,p999,3215,p9999,4276,p99999,4276
42.47,s,435908.46,iops,,p90,26,p99,32,p999,2151,p9999,2156,p99999,3214
43.48,s,153511.59,iops,,p90,25,p99,2151,p999,2159,p9999,2166,p99999,3222
44.48,s,24897.39,iops,,p90,2151,p99,2158,p999,3199,p9999,3212,p99999,3221
45.48,s,751576.34,iops,,p90,26,p99,30,p999,56,p9999,187,p99999,1438
46.50,s,741040.74,iops,,p90,26,p99,30,p999,53,p9999,158,p99999,1309
47.51,s,121824.97,iops,,p90,18,p99,22,p999,30,p9999,73,p99999,116
1.00,s,746596.98,iops,,p90,27,p99,31,p999,45,p9999,184,p99999,889
2.01,s,725849.55,iops,,p90,27,p99,32,p999,59,p9999,183,p99999,360
1.00,s,723969.94,iops,,p90,28,p99,32,p999,46,p9999,174,p99999,267
2.01,s,752130.09,iops,,p90,27,p99,32,p999,54,p9999,151,p99999,218
3.03,s,767215.00,iops,,p90,26,p99,30,p999,63,p9999,669,p99999,1153
4.04,s,758509.11,iops,,p90,26,p99,31,p999,53,p9999,185,p99999,215
5.06,s,760669.74,iops,,p90,26,p99,30,p999,60,p9999,188,p99999,2660
6.07,s,757309.54,iops,,p90,26,p99,31,p999,68,p9999,174,p99999,215
7.09,s,751146.61,iops,,p90,26,p99,30,p999,57,p9999,171,p99999,210
8.11,s,757563.37,iops,,p90,26,p99,31,p999,63,p9999,165,p99999,209
9.12,s,747007.72,iops,,p90,27,p99,31,p999,68,p9999,183,p99999,217
10.14,s,781755.07,iops,,p90,25,p99,29,p999,57,p9999,151,p99999,226
11.15,s,769916.43,iops,,p90,26,p99,29,p999,53,p9999,187,p99999,710
12.17,s,753099.61,iops,,p90,27,p99,30,p999,65,p9999,161,p99999,226
13.19,s,756927.72,iops,,p90,26,p99,30,p999,73,p9999,176,p99999,222
14.20,s,747616.22,iops,,p90,27,p99,31,p999,64,p9999,162,p99999,887
15.22,s,756545.84,iops,,p90,26,p99,30,p999,64,p9999,158,p99999,243
16.24,s,766151.52,iops,,p90,26,p99,30,p999,55,p9999,156,p99999,230
17.26,s,761972.03,iops,,p90,26,p99,30,p999,59,p9999,183,p99999,262
18.27,s,762812.46,iops,,p90,26,p99,30,p999,59,p9999,147,p99999,214
19.29,s,772788.88,iops,,p90,26,p99,29,p999,56,p9999,173,p99999,688
20.30,s,771858.77,iops,,p90,26,p99,29,p999,63,p9999,167,p99999,230
21.32,s,757524.67,iops,,p90,26,p99,30,p999,54,p9999,147,p99999,484
22.33,s,752452.01,iops,,p90,26,p99,30,p999,60,p9999,144,p99999,241
23.35,s,770526.04,iops,,p90,26,p99,30,p999,58,p9999,160,p99999,225
24.36,s,770163.29,iops,,p90,26,p99,30,p999,60,p9999,168,p99999,218
25.38,s,763909.77,iops,,p90,26,p99,30,p999,57,p9999,162,p99999,1302
26.39,s,725615.61,iops,,p90,26,p99,29,p999,100,p9999,2155,p99999,2175
27.41,s,691977.67,iops,,p90,26,p99,30,p999,2139,p9999,2159,p99999,2167
28.42,s,603289.09,iops,,p90,27,p99,31,p999,2151,p9999,2160,p99999,2165
29.43,s,380773.05,iops,,p90,27,p99,1094,p999,2155,p9999,2166,p99999,2200
30.44,s,623236.05,iops,,p90,26,p99,30,p999,2151,p9999,2158,p99999,2163
31.45,s,492013.46,iops,,p90,26,p99,30,p999,2153,p9999,2159,p99999,2163
32.46,s,203872.78,iops,,p90,30,p99,2151,p999,2159,p9999,2167,p99999,2275
33.46,s,587857.79,iops,,p90,33,p99,41,p999,303,p9999,2162,p99999,2172
34.48,s,219793.90,iops,,p90,28,p99,2151,p999,2163,p9999,2177,p99999,2180
35.48,s,760709.35,iops,,p90,26,p99,30,p999,56,p9999,152,p99999,224
36.50,s,372319.29,iops,,p90,24,p99,30,p999,50,p9999,150,p99999,204
1.00,s,762344.96,iops,,p90,26,p99,30,p999,45,p9999,160,p99999,542
2.01,s,765997.79,iops,,p90,25,p99,30,p999,52,p9999,413,p99999,832
3.03,s,754268.04,iops,,p90,26,p99,31,p999,60,p9999,366,p99999,684
4.04,s,739479.94,iops,,p90,26,p99,31,p999,76,p9999,528,p99999,684
5.06,s,732457.52,iops,,p90,26,p99,31,p999,66,p9999,518,p99999,945
6.07,s,741703.08,iops,,p90,27,p99,31,p999,78,p9999,468,p99999,951
7.09,s,763826.69,iops,,p90,25,p99,31,p999,68,p9999,458,p99999,566
8.10,s,742937.08,iops,,p90,26,p99,30,p999,60,p9999,530,p99999,1285
9.12,s,734771.56,iops,,p90,27,p99,31,p999,82,p9999,512,p99999,845
10.14,s,742675.91,iops,,p90,27,p99,31,p999,58,p9999,166,p99999,215
11.15,s,769669.00,iops,,p90,26,p99,30,p999,55,p9999,179,p99999,226
12.17,s,747357.48,iops,,p90,27,p99,30,p999,58,p9999,175,p99999,224
13.18,s,750598.33,iops,,p90,27,p99,31,p999,63,p9999,187,p99999,1150
14.19,s,732410.24,iops,,p90,27,p99,31,p999,74,p9999,191,p99999,764
15.21,s,753101.99,iops,,p90,27,p99,31,p999,57,p9999,177,p99999,222
16.23,s,759704.34,iops,,p90,26,p99,30,p999,62,p9999,166,p99999,210
17.25,s,763043.93,iops,,p90,26,p99,30,p999,61,p9999,194,p99999,807
18.27,s,755121.17,iops,,p90,26,p99,30,p999,62,p9999,159,p99999,202
19.29,s,761291.94,iops,,p90,26,p99,30,p999,49,p9999,161,p99999,228
20.31,s,761297.54,iops,,p90,26,p99,30,p999,58,p9999,155,p99999,1286
21.33,s,763711.66,iops,,p90,26,p99,30,p999,54,p9999,147,p99999,219
22.35,s,763397.97,iops,,p90,26,p99,30,p999,54,p9999,165,p99999,231
23.37,s,768337.26,iops,,p90,26,p99,29,p999,53,p9999,133,p99999,214
24.38,s,754252.47,iops,,p90,26,p99,30,p999,51,p9999,174,p99999,224
25.40,s,755381.42,iops,,p90,26,p99,30,p999,57,p9999,193,p99999,216
26.42,s,720839.58,iops,,p90,27,p99,31,p999,76,p9999,2150,p99999,2171
27.44,s,591876.59,iops,,p90,25,p99,30,p999,2153,p9999,2160,p99999,2214
28.45,s,643327.37,iops,,p90,27,p99,31,p999,2150,p9999,2158,p99999,2179
29.46,s,645212.76,iops,,p90,26,p99,31,p999,2150,p9999,2160,p99999,2193
30.48,s,156561.64,iops,,p90,26,p99,2151,p999,2158,p9999,2168,p99999,2170
31.48,s,704199.71,iops,,p90,27,p99,32,p999,107,p9999,2153,p99999,2167
32.50,s,14435.56,iops,,p90,2153,p99,2159,p999,2164,p9999,2166,p99999,2166
33.50,s,13762.13,iops,,p90,2153,p99,2159,p999,2346,p9999,2359,p99999,2359
34.50,s,13738.44,iops,,p90,2152,p99,2159,p999,2165,p9999,2166,p99999,2168
35.50,s,13760.20,iops,,p90,2153,p99,2160,p999,2165,p9999,2169,p99999,2169
36.50,s,13759.99,iops,,p90,2152,p99,2159,p999,2164,p9999,2281,p99999,2281
37.50,s,11112.09,iops,,p90,2153,p99,2162,p999,3200,p9999,3226,p99999,3226
38.50,s,8809.30,iops,,p90,2150,p99,2157,p999,3212,p9999,4276,p99999,4276
39.50,s,353058.15,iops,,p90,26,p99,2143,p999,2152,p9999,2158,p99999,3213
40.51,s,226018.87,iops,,p90,27,p99,2150,p999,2155,p9999,2165,p99999,2278
41.51,s,9848.87,iops,,p90,2152,p99,2158,p999,2163,p9999,3207,p99999,3207
42.51,s,9867.44,iops,,p90,2152,p99,2158,p999,2163,p9999,2164,p99999,2164
43.51,s,9868.47,iops,,p90,2153,p99,2158,p999,2336,p9999,3230,p99999,3230
44.51,s,9848.35,iops,,p90,2154,p99,2161,p999,3210,p9999,3220,p99999,3220
45.51,s,533854.93,iops,,p90,27,p99,31,p999,2153,p9999,2165,p99999,2297
46.53,s,755997.46,iops,,p90,26,p99,30,p999,60,p9999,168,p99999,215
47.55,s,333252.22,iops,,p90,26,p99,30,p999,52,p9999,179,p99999,881
1.00,s,743068.44,iops,,p90,27,p99,31,p999,45,p9999,156,p99999,257
2.01,s,752415.64,iops,,p90,27,p99,31,p999,42,p9999,153,p99999,243
3.03,s,181906.98,iops,,p90,28,p99,2149,p999,2155,p9999,2160,p99999,2164
4.03,s,17181.23,iops,,p90,2150,p99,2155,p999,2158,p9999,2160,p99999,2162
5.03,s,17198.98,iops,,p90,2150,p99,2155,p999,2162,p9999,2163,p99999,2163
6.03,s,17215.42,iops,,p90,2151,p99,2157,p999,2299,p9999,2315,p99999,2315
7.03,s,17191.54,iops,,p90,2151,p99,2156,p999,2163,p9999,2181,p99999,2181
8.03,s,17199.34,iops,,p90,2151,p99,2156,p999,2161,p9999,2164,p99999,2164
9.03,s,17167.67,iops,,p90,2151,p99,2156,p999,2163,p9999,2165,p99999,2166
10.03,s,17199.70,iops,,p90,2151,p99,2157,p999,2161,p9999,2165,p99999,2166
11.04,s,17188.45,iops,,p90,2152,p99,2157,p999,2163,p9999,2165,p99999,2165
12.04,s,17229.21,iops,,p90,2152,p99,2157,p999,2162,p9999,2165,p99999,2166
13.04,s,17190.35,iops,,p90,2152,p99,2158,p999,2163,p9999,2169,p99999,2169
14.04,s,17169.66,iops,,p90,2152,p99,2158,p999,2165,p9999,2177,p99999,2177
15.04,s,17197.14,iops,,p90,2152,p99,2157,p999,2165,p9999,2261,p99999,2261
16.04,s,17217.42,iops,,p90,2153,p99,2159,p999,2165,p9999,2179,p99999,2186
17.04,s,2689.91,iops,,p90,2152,p99,2161,p999,2179,p9999,2179,p99999,2179
55.05,s,123323.24,iops,,p90,26,p99,35,p999,253,p9999,38684885,p99999,38684895
56.05,s,758900.81,iops,,p90,26,p99,31,p999,46,p9999,161,p99999,273
57.07,s,755980.32,iops,,p90,27,p99,31,p999,62,p9999,174,p99999,226
58.08,s,765173.33,iops,,p90,26,p99,31,p999,55,p9999,184,p99999,271
1.00,s,736720.85,iops,,p90,27,p99,31,p999,49,p9999,155,p99999,244
2.01,s,762536.27,iops,,p90,26,p99,30,p999,49,p9999,168,p99999,253
3.03,s,741860.33,iops,,p90,27,p99,31,p999,61,p9999,147,p99999,317
4.05,s,753622.98,iops,,p90,26,p99,31,p999,62,p9999,176,p99999,223
5.07,s,748063.20,iops,,p90,27,p99,31,p999,61,p9999,179,p99999,260
6.08,s,746155.24,iops,,p90,27,p99,32,p999,55,p9999,189,p99999,216
7.10,s,769846.82,iops,,p90,26,p99,31,p999,54,p9999,195,p99999,277
8.11,s,761448.10,iops,,p90,26,p99,30,p999,59,p9999,185,p99999,5099
9.13,s,744108.19,iops,,p90,27,p99,31,p999,64,p9999,190,p99999,798
10.14,s,765648.61,iops,,p90,26,p99,30,p999,58,p9999,151,p99999,214
11.16,s,756962.90,iops,,p90,26,p99,30,p999,57,p9999,198,p99999,6494
12.17,s,763995.78,iops,,p90,26,p99,30,p999,62,p9999,208,p99999,907
13.19,s,756642.04,iops,,p90,26,p99,30,p999,63,p9999,177,p99999,1010
14.20,s,752321.12,iops,,p90,27,p99,30,p999,54,p9999,149,p99999,222
15.22,s,740812.62,iops,,p90,27,p99,31,p999,82,p9999,192,p99999,913
16.23,s,767320.58,iops,,p90,26,p99,30,p999,57,p9999,166,p99999,215
17.25,s,771346.65,iops,,p90,26,p99,30,p999,62,p9999,152,p99999,1958
18.26,s,766863.37,iops,,p90,26,p99,30,p999,56,p9999,129,p99999,211
19.28,s,766348.89,iops,,p90,26,p99,30,p999,57,p9999,131,p99999,211
20.29,s,748315.89,iops,,p90,27,p99,30,p999,62,p9999,153,p99999,211
21.31,s,758867.33,iops,,p90,26,p99,30,p999,52,p9999,170,p99999,1254
22.32,s,752134.61,iops,,p90,27,p99,30,p999,59,p9999,155,p99999,236
23.33,s,768128.37,iops,,p90,26,p99,30,p999,59,p9999,168,p99999,1023
24.35,s,761512.11,iops,,p90,26,p99,30,p999,61,p9999,171,p99999,221
25.36,s,766367.94,iops,,p90,26,p99,30,p999,52,p9999,178,p99999,222
26.38,s,755415.66,iops,,p90,26,p99,30,p999,58,p9999,160,p99999,801
27.40,s,748019.56,iops,,p90,26,p99,30,p999,64,p9999,2154,p99999,2176
28.42,s,498023.13,iops,,p90,27,p99,33,p999,2155,p9999,2167,p99999,2301
29.43,s,504127.16,iops,,p90,26,p99,32,p999,2154,p9999,2164,p99999,2168
30.44,s,715682.25,iops,,p90,26,p99,30,p999,156,p9999,2156,p99999,2173
31.45,s,293405.16,iops,,p90,31,p99,2146,p999,2156,p9999,2164,p99999,2187
32.46,s,499238.01,iops,,p90,33,p99,42,p999,2148,p9999,2161,p99999,2182
33.47,s,611005.73,iops,,p90,25,p99,29,p999,2148,p9999,2154,p99999,7039
34.49,s,752855.60,iops,,p90,27,p99,30,p999,55,p9999,145,p99999,990
35.51,s,335798.67,iops,,p90,25,p99,31,p999,54,p9999,154,p99999,202
1.00,s,793382.84,iops,,p90,24,p99,28,p999,46,p9999,184,p99999,399
2.01,s,801669.50,iops,,p90,24,p99,28,p999,48,p9999,95,p99999,407
3.03,s,61560.63,iops,,p90,2101,p99,2143,p999,2155,p9999,2265,p99999,2285
4.03,s,17180.97,iops,,p90,2149,p99,2154,p999,2159,p9999,2161,p99999,2161
5.03,s,17190.24,iops,,p90,2150,p99,2155,p999,2158,p9999,2160,p99999,2161
6.03,s,17191.48,iops,,p90,2150,p99,2155,p999,2159,p9999,2160,p99999,2160
7.03,s,17216.37,iops,,p90,2150,p99,2155,p999,2158,p9999,2160,p99999,2160
8.03,s,17180.16,iops,,p90,2150,p99,2155,p999,2166,p9999,2228,p99999,2228
9.03,s,17200.57,iops,,p90,2150,p99,2156,p999,2162,p9999,2239,p99999,2239
10.03,s,17198.62,iops,,p90,2151,p99,2156,p999,2161,p9999,2162,p99999,2162
11.03,s,17186.50,iops,,p90,2151,p99,2157,p999,2162,p9999,2164,p99999,2166
12.03,s,17188.02,iops,,p90,2151,p99,2157,p999,2162,p9999,2163,p99999,2163
13.04,s,17195.50,iops,,p90,2151,p99,2157,p999,2164,p9999,2166,p99999,2167
14.04,s,17187.49,iops,,p90,2151,p99,2158,p999,2164,p9999,2174,p99999,2176
15.04,s,17201.34,iops,,p90,2151,p99,2160,p999,2351,p9999,3278,p99999,3279
16.04,s,11380.41,iops,,p90,2152,p99,2159,p999,2164,p9999,2166,p99999,2169
1.00,s,777774.44,iops,,p90,25,p99,29,p999,38,p9999,153,p99999,278
2.01,s,775099.45,iops,,p90,25,p99,29,p999,46,p9999,156,p99999,230
3.03,s,760157.76,iops,,p90,26,p99,30,p999,70,p9999,693,p99999,2131
4.04,s,588946.00,iops,,p90,27,p99,32,p999,2148,p9999,2160,p99999,2173
5.06,s,523084.18,iops,,p90,26,p99,30,p999,2150,p9999,2163,p99999,2181
6.07,s,464598.11,iops,,p90,26,p99,33,p999,2152,p9999,2164,p99999,2313
7.08,s,458035.70,iops,,p90,26,p99,32,p999,2151,p9999,2159,p99999,2166
8.09,s,456454.88,iops,,p90,26,p99,33,p999,2151,p9999,2159,p99999,2180
9.10,s,404246.08,iops,,p90,27,p99,149,p999,2151,p9999,2161,p99999,2237
10.11,s,503345.80,iops,,p90,27,p99,32,p999,2151,p9999,2160,p99999,2176
11.12,s,408251.43,iops,,p90,26,p99,77,p999,2153,p9999,2163,p99999,2165
12.13,s,497585.45,iops,,p90,26,p99,32,p999,2151,p9999,2161,p99999,2198
13.14,s,444932.69,iops,,p90,26,p99,36,p999,2151,p9999,2160,p99999,2163
1.00,s,779788.53,iops,,p90,25,p99,29,p999,42,p9999,153,p99999,257
2.01,s,781796.65,iops,,p90,25,p99,28,p999,40,p9999,110,p99999,252
3.03,s,119946.71,iops,,p90,28,p99,2150,p999,2156,p9999,2166,p99999,2261
1.00,s,778174.64,iops,,p90,25,p99,29,p999,37,p9999,168,p99999,265
2.01,s,777385.75,iops,,p90,25,p99,29,p999,36,p9999,102,p99999,241
3.03,s,124275.99,iops,,p90,28,p99,2150,p999,2156,p9999,2186,p99999,2215
4.03,s,17219.60,iops,,p90,2150,p99,2155,p999,2159,p9999,2300,p99999,2300
5.03,s,17176.22,iops,,p90,2150,p99,2154,p999,2159,p9999,2162,p99999,2164
6.03,s,17196.45,iops,,p90,2150,p99,2155,p999,2159,p9999,2160,p99999,2160
7.03,s,17212.25,iops,,p90,2150,p99,2155,p999,2159,p9999,2161,p99999,2161
8.03,s,17185.28,iops,,p90,2150,p99,2156,p999,2160,p9999,2336,p99999,2336
9.03,s,17209.49,iops,,p90,2150,p99,2156,p999,2159,p9999,2162,p99999,2164
10.03,s,17201.62,iops,,p90,2151,p99,2156,p999,2161,p9999,2271,p99999,2272
11.03,s,17174.54,iops,,p90,2151,p99,2157,p999,2161,p9999,2304,p99999,2309
12.04,s,17212.17,iops,,p90,2151,p99,2157,p999,2161,p9999,2162,p99999,2163
13.04,s,17191.43,iops,,p90,2152,p99,2157,p999,2162,p9999,2164,p99999,2165
14.04,s,17177.18,iops,,p90,2151,p99,2158,p999,2271,p9999,2281,p99999,2281
15.04,s,17204.22,iops,,p90,2152,p99,2157,p999,2163,p9999,2165,p99999,2165
16.04,s,17185.37,iops,,p90,2152,p99,2158,p999,2164,p9999,2167,p99999,2167
17.05,s,1272.07,iops,,p90,2152,p99,2160,p999,2163,p9999,2164,p99999,2164
46.05,s,598809.29,iops,,p90,26,p99,30,p999,70,p9999,230,p99999,29146012
1.00,s,784168.03,iops,,p90,25,p99,29,p999,41,p9999,151,p99999,262
2.01,s,781340.23,iops,,p90,25,p99,28,p999,40,p9999,133,p99999,243
3.03,s,114204.46,iops,,p90,29,p99,2150,p999,2156,p9999,2193,p99999,2194
4.03,s,17189.98,iops,,p90,2149,p99,2153,p999,2157,p9999,2294,p99999,2294
5.03,s,17194.57,iops,,p90,2149,p99,2154,p999,2160,p9999,2162,p99999,2162
6.03,s,17192.43,iops,,p90,2149,p99,2154,p999,2157,p9999,2159,p99999,2160
7.03,s,17225.51,iops,,p90,2150,p99,2154,p999,2157,p9999,2159,p99999,2160
8.03,s,17190.62,iops,,p90,2150,p99,2155,p999,2158,p9999,2159,p99999,2160
9.03,s,17192.48,iops,,p90,2150,p99,2155,p999,2159,p9999,2161,p99999,2161
10.03,s,17192.60,iops,,p90,2150,p99,2156,p999,2169,p9999,2337,p99999,2337
11.03,s,17175.35,iops,,p90,2151,p99,2156,p999,2164,p9999,2236,p99999,2236
12.03,s,17217.73,iops,,p90,2151,p99,2156,p999,2162,p9999,2168,p99999,2169
13.03,s,17167.39,iops,,p90,2151,p99,2156,p999,2162,p9999,2164,p99999,2165
14.04,s,17189.57,iops,,p90,2151,p99,2157,p999,2163,p9999,2175,p99999,2182
15.04,s,17221.49,iops,,p90,2151,p99,2157,p999,2163,p9999,2165,p99999,2165
16.04,s,17183.64,iops,,p90,2152,p99,2157,p999,2161,p9999,2164,p99999,2166
17.04,s,1047.61,iops,,p90,2152,p99,2157,p999,2162,p9999,2163,p99999,2163
1.00,s,773167.42,iops,,p90,25,p99,29,p999,43,p9999,144,p99999,254
2.01,s,772079.74,iops,,p90,25,p99,29,p999,39,p9999,138,p99999,245
3.03,s,113473.49,iops,,p90,28,p99,2150,p999,2155,p9999,2306,p99999,2311
4.03,s,17211.09,iops,,p90,2150,p99,2156,p999,2162,p9999,2165,p99999,2166
5.03,s,17178.46,iops,,p90,2150,p99,2155,p999,2166,p9999,2316,p99999,2316
6.03,s,17197.40,iops,,p90,2150,p99,2156,p999,2165,p9999,2190,p99999,2190
7.03,s,17193.31,iops,,p90,2150,p99,2156,p999,2162,p9999,2166,p99999,2167
8.03,s,17193.23,iops,,p90,2150,p99,2156,p999,2159,p9999,2199,p99999,2199
9.03,s,17202.17,iops,,p90,2150,p99,2156,p999,2164,p9999,2166,p99999,2166
10.03,s,17173.11,iops,,p90,2150,p99,2156,p999,2162,p9999,2164,p99999,2165
11.03,s,17210.98,iops,,p90,2151,p99,2157,p999,2161,p9999,2167,p99999,2168
12.03,s,17213.11,iops,,p90,2151,p99,2158,p999,2164,p9999,2166,p99999,2166
13.04,s,17158.78,iops,,p90,2151,p99,2158,p999,2174,p9999,2234,p99999,2234
14.04,s,17195.57,iops,,p90,2151,p99,2158,p999,2164,p9999,2267,p99999,2274
15.04,s,17210.81,iops,,p90,2151,p99,2158,p999,2164,p9999,2295,p99999,2296
16.04,s,17008.06,iops,,p90,2151,p99,2158,p999,2162,p9999,2163,p99999,2165
1.00,s,777638.45,iops,,p90,25,p99,29,p999,35,p9999,133,p99999,260
2.01,s,775580.59,iops,,p90,25,p99,29,p999,39,p9999,149,p99999,240
3.03,s,99639.99,iops,,p90,29,p99,2151,p999,2158,p9999,2173,p99999,2173
4.03,s,17223.26,iops,,p90,2150,p99,2155,p999,2159,p9999,2325,p99999,2325
5.03,s,17173.91,iops,,p90,2150,p99,2156,p999,2161,p9999,2165,p99999,2165
6.03,s,17194.04,iops,,p90,2150,p99,2155,p999,2162,p9999,2181,p99999,2181
7.03,s,17209.03,iops,,p90,2150,p99,2156,p999,2160,p9999,2163,p99999,2163
8.03,s,17177.30,iops,,p90,2151,p99,2157,p999,2168,p9999,2244,p99999,2244
9.03,s,17199.22,iops,,p90,2151,p99,2157,p999,2162,p9999,2164,p99999,2164
10.03,s,17210.41,iops,,p90,2151,p99,2157,p999,2162,p9999,2244,p99999,2244
11.03,s,17182.40,iops,,p90,2151,p99,2157,p999,2161,p9999,2164,p99999,2164
12.03,s,17177.15,iops,,p90,2152,p99,2157,p999,2162,p9999,2163,p99999,2165
13.03,s,17213.29,iops,,p90,2152,p99,2158,p999,2161,p9999,2163,p99999,2164
14.04,s,17185.37,iops,,p90,2152,p99,2158,p999,2163,p9999,2166,p99999,2166
15.04,s,17203.14,iops,,p90,2152,p99,2158,p999,2165,p9999,2264,p99999,2264
16.04,s,14633.13,iops,,p90,2152,p99,2159,p999,2164,p9999,2171,p99999,2172
1.00,s,777626.45,iops,,p90,25,p99,29,p999,39,p9999,182,p99999,251
2.02,s,786601.26,iops,,p90,25,p99,29,p999,37,p9999,134,p99999,246
3.03,s,115971.20,iops,,p90,28,p99,2150,p999,2159,p9999,2191,p99999,2252
4.03,s,17189.70,iops,,p90,2149,p99,2155,p999,2158,p9999,2163,p99999,2163
5.03,s,17175.11,iops,,p90,2150,p99,2156,p999,2160,p9999,2161,p99999,2162
6.03,s,17200.14,iops,,p90,2150,p99,2155,p999,2161,p9999,2278,p99999,2279
1.00,s,788119.77,iops,,p90,25,p99,29,p999,39,p9999,140,p99999,256
2.01,s,785497.13,iops,,p90,25,p99,29,p999,41,p9999,111,p99999,246
3.03,s,107984.55,iops,,p90,28,p99,2150,p999,2156,p9999,2173,p99999,2173
4.03,s,17193.67,iops,,p90,2150,p99,2155,p999,2160,p9999,2175,p99999,2175
5.03,s,17182.42,iops,,p90,2150,p99,2155,p999,2161,p9999,2305,p99999,2305
6.03,s,17195.00,iops,,p90,2150,p99,2154,p999,2158,p9999,2161,p99999,2161
7.03,s,17193.35,iops,,p90,2150,p99,2155,p999,2158,p9999,2160,p99999,2161
8.03,s,17203.38,iops,,p90,2150,p99,2156,p999,2163,p9999,2281,p99999,2281
9.03,s,17189.36,iops,,p90,2151,p99,2156,p999,2167,p9999,2259,p99999,2259
10.03,s,17183.59,iops,,p90,2151,p99,2156,p999,2161,p9999,2249,p99999,2249
11.03,s,17211.15,iops,,p90,2151,p99,2157,p999,2161,p9999,2164,p99999,2165
12.03,s,17191.50,iops,,p90,2151,p99,2157,p999,2163,p9999,2167,p99999,2167
13.04,s,17190.52,iops,,p90,2151,p99,2157,p999,2161,p9999,2164,p99999,2164
14.04,s,17198.55,iops,,p90,2151,p99,2157,p999,2164,p9999,2293,p99999,2293
15.04,s,17192.60,iops,,p90,2152,p99,2157,p999,2165,p9999,2296,p99999,2297
16.04,s,17179.54,iops,,p90,2152,p99,2158,p999,2163,p9999,2165,p99999,2165
17.04,s,1110.59,iops,,p90,2153,p99,2154,p999,2161,p9999,2163,p99999,2163
92.04,s,90120.05,iops,,p90,23,p99,30,p999,186,p9999,75818627,p99999,75819712
93.04,s,773697.37,iops,,p90,26,p99,30,p999,61,p9999,165,p99999,233
94.06,s,752132.25,iops,,p90,27,p99,31,p999,77,p9999,183,p99999,243
1.00,s,779454.11,iops,,p90,25,p99,29,p999,40,p9999,141,p99999,271
2.01,s,775674.47,iops,,p90,25,p99,29,p999,44,p9999,159,p99999,234
3.03,s,126117.69,iops,,p90,28,p99,2150,p999,2155,p9999,2171,p99999,2172
4.03,s,17222.51,iops,,p90,2150,p99,2154,p999,2159,p9999,2271,p99999,2271
5.03,s,17165.17,iops,,p90,2150,p99,2155,p999,2157,p9999,2160,p99999,2162
6.03,s,17199.48,iops,,p90,2150,p99,2155,p999,2158,p9999,2161,p99999,2161
7.03,s,17206.07,iops,,p90,2150,p99,2156,p999,2162,p9999,2272,p99999,2272
8.03,s,17210.79,iops,,p90,2151,p99,2156,p999,2233,p9999,2249,p99999,2250
9.03,s,17182.70,iops,,p90,2151,p99,2157,p999,2161,p9999,2162,p99999,2162
10.03,s,17177.96,iops,,p90,2151,p99,2157,p999,2162,p9999,2316,p99999,2316
11.03,s,17208.00,iops,,p90,2151,p99,2156,p999,2160,p9999,2162,p99999,2163
12.03,s,17193.14,iops,,p90,2151,p99,2156,p999,2164,p9999,2180,p99999,2186
13.04,s,17195.21,iops,,p90,2151,p99,2156,p999,2162,p9999,2164,p99999,2166
14.04,s,17199.81,iops,,p90,2152,p99,2157,p999,2161,p9999,2164,p99999,2165
15.04,s,17175.80,iops,,p90,2152,p99,2157,p999,2162,p9999,2165,p99999,2166
16.04,s,17196.07,iops,,p90,2152,p99,2157,p999,2162,p9999,2164,p99999,2165
17.04,s,1467.43,iops,,p90,2152,p99,2157,p999,2162,p9999,2163,p99999,2163
159.05,s,215658.75,iops,,p90,28,p99,32,p999,212,p9999,801,p99999,142619251
160.05,s,780980.88,iops,,p90,25,p99,30,p999,60,p9999,423,p99999,635
1.00,s,787094.05,iops,,p90,25,p99,29,p999,44,p9999,161,p99999,311
2.01,s,779360.03,iops,,p90,26,p99,29,p999,48,p9999,151,p99999,229
3.03,s,768344.18,iops,,p90,26,p99,30,p999,69,p9999,714,p99999,2026
4.05,s,670015.66,iops,,p90,26,p99,31,p999,2144,p9999,2157,p99999,2190
1.00,s,771542.39,iops,,p90,26,p99,29,p999,44,p9999,192,p99999,956
2.01,s,773453.66,iops,,p90,26,p99,30,p999,47,p9999,108,p99999,228
3.03,s,765340.99,iops,,p90,26,p99,30,p999,54,p9999,182,p99999,975
4.04,s,693191.38,iops,,p90,26,p99,31,p999,1101,p9999,2158,p99999,2171
5.06,s,460686.96,iops,,p90,26,p99,33,p999,2151,p9999,2160,p99999,2163
6.07,s,467592.44,iops,,p90,26,p99,33,p999,2151,p9999,2160,p99999,2166
7.08,s,464482.74,iops,,p90,26,p99,33,p999,2151,p9999,2163,p99999,2173
8.09,s,467972.52,iops,,p90,26,p99,33,p999,2152,p9999,2162,p99999,2205
9.10,s,405038.54,iops,,p90,26,p99,217,p999,2153,p9999,2161,p99999,2165
10.11,s,482400.85,iops,,p90,27,p99,33,p999,2151,p9999,2160,p99999,2199
11.12,s,444620.76,iops,,p90,26,p99,34,p999,2151,p9999,2159,p99999,2163
12.13,s,503644.28,iops,,p90,27,p99,32,p999,2152,p9999,2162,p99999,2165
13.14,s,459392.91,iops,,p90,26,p99,33,p999,2151,p9999,2161,p99999,2163
14.15,s,454135.67,iops,,p90,27,p99,34,p999,2153,p9999,2162,p99999,7635
15.16,s,460228.17,iops,,p90,26,p99,32,p999,2151,p9999,2160,p99999,2165
16.17,s,475516.36,iops,,p90,28,p99,34,p999,2152,p9999,2167,p99999,2185
17.18,s,474342.92,iops,,p90,26,p99,32,p999,2152,p9999,2161,p99999,2165
18.19,s,473453.02,iops,,p90,27,p99,34,p999,2151,p9999,2161,p99999,2170
19.20,s,474974.30,iops,,p90,26,p99,32,p999,2151,p9999,2162,p99999,2168
20.21,s,475061.17,iops,,p90,27,p99,33,p999,2151,p9999,2160,p99999,2164
21.22,s,474955.53,iops,,p90,26,p99,32,p999,2151,p9999,2163,p99999,2170
22.23,s,476109.26,iops,,p90,27,p99,33,p999,2151,p9999,2160,p99999,2169
23.23,s,474067.46,iops,,p90,26,p99,31,p999,2151,p9999,2160,p99999,2167
24.24,s,413225.37,iops,,p90,27,p99,66,p999,2154,p9999,2163,p99999,2190
25.25,s,518807.13,iops,,p90,26,p99,31,p999,2152,p9999,2161,p99999,2167
26.27,s,463538.82,iops,,p90,27,p99,33,p999,2151,p9999,2162,p99999,2171
27.28,s,451006.55,iops,,p90,26,p99,35,p999,2152,p9999,2160,p99999,2165
28.29,s,445272.59,iops,,p90,26,p99,38,p999,2152,p9999,2163,p99999,2181
29.30,s,471647.31,iops,,p90,26,p99,32,p999,2151,p9999,2163,p99999,2181
30.31,s,410963.78,iops,,p90,28,p99,85,p999,2153,p9999,2162,p99999,2164
31.32,s,512694.67,iops,,p90,26,p99,30,p999,2150,p9999,2159,p99999,2164
32.33,s,458604.92,iops,,p90,26,p99,34,p999,2152,p9999,2162,p99999,2211
33.34,s,456824.27,iops,,p90,26,p99,32,p999,2151,p9999,2161,p99999,2169
34.36,s,399096.29,iops,,p90,27,p99,1086,p999,2153,p9999,2163,p99999,2224
35.37,s,502888.36,iops,,p90,27,p99,32,p999,2151,p9999,2160,p99999,2168
36.38,s,458939.42,iops,,p90,26,p99,32,p999,2151,p9999,2163,p99999,2206
37.39,s,446921.73,iops,,p90,26,p99,33,p999,2153,p9999,2165,p99999,2269
38.40,s,458411.38,iops,,p90,27,p99,35,p999,2151,p9999,2160,p99999,2173
39.41,s,490776.87,iops,,p90,27,p99,32,p999,2151,p9999,2164,p99999,2190
40.42,s,475112.14,iops,,p90,27,p99,32,p999,2151,p9999,2162,p99999,2164
41.43,s,474898.26,iops,,p90,27,p99,32,p999,2152,p9999,2162,p99999,2164
42.44,s,473835.42,iops,,p90,26,p99,32,p999,2151,p9999,2162,p99999,2172
43.45,s,476005.33,iops,,p90,27,p99,32,p999,2152,p9999,2165,p99999,2185
44.46,s,474753.62,iops,,p90,27,p99,32,p999,2151,p9999,2161,p99999,2167
45.47,s,433904.71,iops,,p90,27,p99,36,p999,2152,p9999,2160,p99999,2166
46.48,s,514139.19,iops,,p90,27,p99,32,p999,2151,p9999,2162,p99999,4900
47.49,s,287457.96,iops,,p90,27,p99,2146,p999,2156,p9999,2166,p99999,2172
48.49,s,617961.49,iops,,p90,26,p99,30,p999,2147,p9999,2157,p99999,2164
49.51,s,463306.41,iops,,p90,26,p99,34,p999,2152,p9999,2160,p99999,2163
50.52,s,448301.84,iops,,p90,26,p99,34,p999,2152,p9999,2162,p99999,2190
51.53,s,370532.17,iops,,p90,27,p99,34,p999,2152,p9999,2165,p99999,2189
1.00,s,774600.13,iops,,p90,25,p99,29,p999,41,p9999,342,p99999,647
2.02,s,769917.89,iops,,p90,25,p99,29,p999,51,p9999,394,p99999,533
3.04,s,756867.56,iops,,p90,26,p99,29,p999,71,p9999,665,p99999,905
4.05,s,683585.59,iops,,p90,26,p99,31,p999,1098,p9999,2164,p99999,2174
5.06,s,446544.58,iops,,p90,26,p99,35,p999,2152,p9999,2162,p99999,2183
6.07,s,468493.23,iops,,p90,26,p99,33,p999,2151,p9999,2159,p99999,2171
7.08,s,468953.32,iops,,p90,26,p99,32,p999,2151,p9999,2161,p99999,2175
8.09,s,425235.75,iops,,p90,26,p99,47,p999,2152,p9999,2165,p99999,2178
9.10,s,477926.80,iops,,p90,26,p99,31,p999,2151,p9999,2162,p99999,2184
10.11,s,464035.49,iops,,p90,26,p99,33,p999,2152,p9999,2161,p99999,2180
11.12,s,383532.19,iops,,p90,27,p99,1090,p999,2153,p9999,2162,p99999,2171
12.12,s,512574.28,iops,,p90,27,p99,32,p999,2151,p9999,2163,p99999,2224
13.13,s,448766.96,iops,,p90,26,p99,34,p999,2152,p9999,2162,p99999,2169
14.15,s,460314.81,iops,,p90,27,p99,34,p999,2152,p9999,2161,p99999,2182
15.15,s,446335.14,iops,,p90,27,p99,35,p999,2151,p9999,2163,p99999,2178
16.16,s,455111.32,iops,,p90,27,p99,34,p999,2152,p9999,2166,p99999,2194
17.18,s,459539.10,iops,,p90,26,p99,33,p999,2152,p9999,2168,p99999,2281
18.19,s,470842.56,iops,,p90,27,p99,33,p999,2151,p9999,2162,p99999,2175
19.20,s,468663.23,iops,,p90,27,p99,32,p999,2151,p9999,2161,p99999,2175
20.20,s,470894.52,iops,,p90,27,p99,33,p999,2152,p9999,2160,p99999,2178
21.21,s,470580.19,iops,,p90,26,p99,32,p999,2152,p9999,2166,p99999,2266
22.22,s,462425.62,iops,,p90,27,p99,32,p999,2151,p9999,2161,p99999,2307
23.23,s,470181.26,iops,,p90,26,p99,32,p999,2151,p9999,2162,p99999,2168
24.24,s,466053.10,iops,,p90,27,p99,33,p999,2151,p9999,2162,p99999,2216
25.25,s,466875.58,iops,,p90,26,p99,32,p999,2151,p9999,2161,p99999,2171
26.26,s,470539.68,iops,,p90,26,p99,32,p999,2151,p9999,2162,p99999,2279
27.27,s,448863.03,iops,,p90,27,p99,35,p999,2153,p9999,2164,p99999,2194
28.28,s,422721.96,iops,,p90,28,p99,56,p999,2152,p9999,2163,p99999,2201
29.29,s,488965.31,iops,,p90,27,p99,32,p999,2152,p9999,2162,p99999,2171
30.30,s,434796.05,iops,,p90,28,p99,36,p999,2153,p9999,2162,p99999,2181
31.30,s,438356.53,iops,,p90,27,p99,38,p999,2151,p9999,2161,p99999,2176
32.31,s,484973.89,iops,,p90,27,p99,33,p999,2151,p9999,2161,p99999,2177
33.32,s,405359.87,iops,,p90,27,p99,110,p999,2153,p9999,2164,p99999,2177
34.33,s,421246.08,iops,,p90,27,p99,46,p999,2155,p9999,2171,p99999,2181
35.34,s,483486.49,iops,,p90,27,p99,32,p999,2152,p9999,2163,p99999,2184
36.35,s,442985.39,iops,,p90,27,p99,38,p999,2153,p9999,2166,p99999,2248
37.36,s,512559.67,iops,,p90,26,p99,31,p999,2150,p9999,2161,p99999,2305
38.37,s,443207.15,iops,,p90,26,p99,36,p999,2150,p9999,2162,p99999,2281
39.38,s,459625.89,iops,,p90,26,p99,32,p999,2151,p9999,2162,p99999,2168
40.39,s,463396.97,iops,,p90,26,p99,32,p999,2152,p9999,2164,p99999,2176
41.40,s,464013.12,iops,,p90,27,p99,33,p999,2151,p9999,2166,p99999,2196
42.41,s,465787.43,iops,,p90,28,p99,34,p999,2152,p9999,2171,p99999,2187
43.42,s,468438.41,iops,,p90,28,p99,33,p999,2153,p9999,2163,p99999,2167
44.43,s,457675.12,iops,,p90,28,p99,35,p999,2153,p9999,2163,p99999,2175
45.44,s,473902.75,iops,,p90,26,p99,33,p999,2151,p9999,2164,p99999,2175
46.45,s,483582.33,iops,,p90,26,p99,31,p999,2152,p9999,2163,p99999,2173
47.46,s,367163.58,iops,,p90,25,p99,1095,p999,2152,p9999,2163,p99999,2199
48.46,s,432125.04,iops,,p90,26,p99,44,p999,2151,p9999,2160,p99999,2203
49.47,s,597731.18,iops,,p90,26,p99,30,p999,2149,p9999,2159,p99999,2194
50.48,s,409876.44,iops,,p90,26,p99,107,p999,2152,p9999,2161,p99999,2239
51.49,s,432129.10,iops,,p90,27,p99,40,p999,2152,p9999,2161,p99999,2164
52.50,s,237048.56,iops,,p90,27,p99,34,p999,2152,p9999,2161,p99999,2177
1.00,s,774833.28,iops,,p90,26,p99,29,p999,46,p9999,173,p99999,251
2.02,s,776378.26,iops,,p90,25,p99,29,p999,48,p9999,163,p99999,1248
3.03,s,761371.24,iops,,p90,26,p99,30,p999,60,p9999,217,p99999,1132
4.04,s,684458.90,iops,,p90,26,p99,31,p999,2137,p9999,2154,p99999,2173
5.06,s,456910.47,iops,,p90,26,p99,34,p999,2151,p9999,2161,p99999,2179
6.07,s,469806.71,iops,,p90,26,p99,33,p999,2151,p9999,2162,p99999,2163
7.08,s,460827.80,iops,,p90,26,p99,32,p999,2152,p9999,2162,p99999,2173
8.09,s,402126.32,iops,,p90,27,p99,217,p999,2152,p9999,2161,p99999,2172
9.10,s,479731.34,iops,,p90,26,p99,32,p999,2150,p9999,2161,p99999,2171
10.11,s,501211.19,iops,,p90,27,p99,33,p999,2150,p9999,2160,p99999,2167
11.12,s,410403.83,iops,,p90,26,p99,77,p999,2152,p9999,2162,p99999,2270
12.13,s,507914.82,iops,,p90,26,p99,32,p999,2151,p9999,2168,p99999,5051
13.14,s,458711.37,iops,,p90,26,p99,34,p999,2151,p9999,2161,p99999,2164
14.15,s,457039.77,iops,,p90,28,p99,36,p999,2151,p9999,2161,p99999,2169
15.16,s,469955.32,iops,,p90,26,p99,32,p999,2150,p9999,2160,p99999,2164
16.17,s,475138.11,iops,,p90,27,p99,34,p999,2151,p9999,2164,p99999,2302
17.18,s,475061.97,iops,,p90,26,p99,31,p999,2151,p9999,2159,p99999,2172
18.19,s,474817.54,iops,,p90,27,p99,33,p999,2151,p9999,2159,p99999,2239
19.20,s,472593.85,iops,,p90,26,p99,32,p999,2150,p9999,2159,p99999,2251
20.21,s,469095.98,iops,,p90,27,p99,34,p999,2154,p9999,2169,p99999,2181
21.22,s,471496.96,iops,,p90,28,p99,34,p999,2152,p9999,2170,p99999,2309
22.23,s,484494.19,iops,,p90,29,p99,35,p999,2153,p9999,2165,p99999,2183
23.24,s,472565.79,iops,,p90,27,p99,32,p999,2152,p9999,2165,p99999,2174
24.25,s,467388.22,iops,,p90,27,p99,33,p999,2152,p9999,2164,p99999,2204
25.25,s,418728.98,iops,,p90,27,p99,55,p999,2154,p9999,2169,p99999,2188
26.26,s,435684.28,iops,,p90,28,p99,42,p999,2154,p9999,2170,p99999,2244
27.27,s,515037.10,iops,,p90,28,p99,33,p999,2152,p9999,2203,p99999,2305
28.28,s,440231.22,iops,,p90,29,p99,44,p999,2153,p9999,2167,p99999,3110
29.29,s,495332.10,iops,,p90,27,p99,32,p999,2151,p9999,2163,p99999,2177
30.30,s,452768.25,iops,,p90,27,p99,35,p999,2153,p9999,2166,p99999,2329
31.31,s,441057.00,iops,,p90,27,p99,37,p999,2151,p9999,2163,p99999,2230
32.32,s,453571.67,iops,,p90,27,p99,34,p999,2152,p9999,2163,p99999,2177
33.33,s,422548.16,iops,,p90,27,p99,47,p999,2153,p9999,2164,p99999,2219
34.33,s,459713.54,iops,,p90,26,p99,32,p999,2152,p9999,2162,p99999,2173
35.34,s,507071.72,iops,,p90,26,p99,31,p999,2151,p9999,2159,p99999,2169
36.35,s,451484.45,iops,,p90,26,p99,35,p999,2151,p9999,2160,p99999,2311
37.36,s,467886.00,iops,,p90,26,p99,32,p999,2152,p9999,2163,p99999,2170
38.37,s,439186.92,iops,,p90,26,p99,42,p999,2151,p9999,2160,p99999,2164
39.38,s,511267.08,iops,,p90,26,p99,31,p999,2152,p9999,2164,p99999,2193
40.39,s,472870.22,iops,,p90,27,p99,33,p999,2151,p9999,2162,p99999,2186
41.40,s,466883.66,iops,,p90,27,p99,33,p999,2151,p9999,2162,p99999,2294
42.41,s,456529.85,iops,,p90,27,p99,34,p999,2152,p9999,2164,p99999,2293
43.42,s,501435.11,iops,,p90,27,p99,33,p999,2151,p9999,2159,p99999,2177
44.43,s,446808.62,iops,,p90,28,p99,37,p999,2153,p9999,2166,p99999,2170
45.44,s,474931.98,iops,,p90,28,p99,34,p999,2153,p9999,2168,p99999,2176
46.45,s,403176.28,iops,,p90,28,p99,144,p999,2155,p9999,2167,p99999,2173
47.46,s,516116.10,iops,,p90,26,p99,32,p999,2150,p9999,2158,p99999,2165
48.47,s,306114.43,iops,,p90,27,p99,2144,p999,2154,p9999,2164,p99999,2166
49.47,s,615312.64,iops,,p90,25,p99,30,p999,2148,p9999,2158,p99999,2236
50.49,s,451090.78,iops,,p90,26,p99,33,p999,2151,p9999,2162,p99999,2259
51.49,s,395000.28,iops,,p90,26,p99,32,p999,2150,p9999,2158,p99999,2233
52.50,s,7198.69,iops,,p90,9,p99,12,p999,14,p9999,96,p99999,96
1.00,s,777916.21,iops,,p90,25,p99,29,p999,52,p9999,380,p99999,547
2.02,s,764619.28,iops,,p90,25,p99,29,p999,48,p9999,379,p99999,895
3.03,s,760604.63,iops,,p90,25,p99,29,p999,68,p9999,486,p99999,1235
4.05,s,646218.76,iops,,p90,26,p99,31,p999,2139,p9999,2157,p99999,2243
5.06,s,528263.39,iops,,p90,26,p99,32,p999,2142,p9999,2160,p99999,2182
6.07,s,475212.42,iops,,p90,25,p99,35,p999,2146,p9999,2162,p99999,2178
7.08,s,459630.74,iops,,p90,25,p99,36,p999,2143,p9999,2158,p99999,2228
8.09,s,465741.32,iops,,p90,25,p99,35,p999,2145,p9999,2160,p99999,2176
9.10,s,404625.23,iops,,p90,25,p99,614,p999,2147,p9999,2171,p99999,5091
10.11,s,479485.90,iops,,p90,27,p99,35,p999,2145,p9999,2163,p99999,2244
11.12,s,460274.39,iops,,p90,25,p99,37,p999,2143,p9999,2157,p99999,2171
12.13,s,484163.09,iops,,p90,27,p99,34,p999,2147,p9999,2164,p99999,2180
13.14,s,446498.48,iops,,p90,27,p99,34,p999,2152,p9999,2162,p99999,2238
14.16,s,460241.82,iops,,p90,28,p99,33,p999,2152,p9999,2161,p99999,2226
15.17,s,458903.13,iops,,p90,26,p99,32,p999,2151,p9999,2159,p99999,2163
16.18,s,474373.52,iops,,p90,27,p99,35,p999,2152,p9999,2164,p99999,2174
17.19,s,474728.26,iops,,p90,26,p99,32,p999,2151,p9999,2161,p99999,2177
18.20,s,473415.65,iops,,p90,27,p99,34,p999,2151,p9999,2160,p99999,2166
19.21,s,475460.94,iops,,p90,26,p99,31,p999,2152,p9999,2161,p99999,2167
20.22,s,474595.94,iops,,p90,27,p99,33,p999,2152,p9999,2161,p99999,2165
21.23,s,474938.38,iops,,p90,26,p99,33,p999,2151,p9999,2160,p99999,2167
22.23,s,439597.07,iops,,p90,27,p99,36,p999,2152,p9999,2160,p99999,2167
23.25,s,480094.27,iops,,p90,26,p99,32,p999,2152,p9999,2163,p99999,2176
24.26,s,492083.78,iops,,p90,28,p99,33,p999,2151,p9999,2159,p99999,2174
25.27,s,463296.55,iops,,p90,26,p99,32,p999,2152,p9999,2160,p99999,2164
26.28,s,296742.71,iops,,p90,27,p99,2145,p999,2154,p9999,2162,p99999,2177
27.29,s,617499.47,iops,,p90,26,p99,30,p999,2148,p9999,2157,p99999,2224
28.30,s,445770.95,iops,,p90,27,p99,35,p999,2152,p9999,2163,p99999,2180
29.31,s,466881.40,iops,,p90,26,p99,32,p999,2152,p9999,2163,p99999,2166
30.32,s,449467.52,iops,,p90,27,p99,35,p999,2152,p9999,2162,p99999,2165
31.34,s,419463.95,iops,,p90,27,p99,54,p999,2153,p9999,2166,p99999,2292
32.35,s,497521.11,iops,,p90,26,p99,32,p999,2151,p9999,2160,p99999,3628
33.36,s,409857.38,iops,,p90,27,p99,88,p999,2153,p9999,2162,p99999,2260
34.37,s,455712.77,iops,,p90,27,p99,34,p999,2152,p9999,2162,p99999,4842
35.38,s,508890.52,iops,,p90,26,p99,31,p999,2151,p9999,2160,p99999,2166
36.39,s,456352.64,iops,,p90,26,p99,33,p999,2151,p9999,2160,p99999,2173
37.40,s,456446.95,iops,,p90,26,p99,31,p999,2152,p9999,2159,p99999,2162
38.41,s,428850.91,iops,,p90,26,p99,41,p999,2152,p9999,2162,p99999,2170
39.42,s,518564.73,iops,,p90,27,p99,31,p999,2151,p9999,2161,p99999,2238
40.43,s,473910.92,iops,,p90,26,p99,33,p999,2151,p9999,2165,p99999,2263
41.44,s,474738.69,iops,,p90,26,p99,31,p999,2151,p9999,2161,p99999,2291
42.45,s,475226.61,iops,,p90,26,p99,32,p999,2152,p9999,2161,p99999,2269
43.46,s,475182.91,iops,,p90,27,p99,34,p999,2151,p9999,2164,p99999,2570
44.47,s,434143.19,iops,,p90,27,p99,49,p999,2152,p9999,2166,p99999,2283
45.48,s,446984.15,iops,,p90,26,p99,36,p999,2153,p9999,2165,p99999,2178
46.49,s,530197.62,iops,,p90,26,p99,30,p999,2150,p9999,2160,p99999,2162
47.50,s,453280.09,iops,,p90,26,p99,33,p999,2151,p9999,2160,p99999,2163
48.51,s,276289.07,iops,,p90,27,p99,2147,p999,2154,p9999,2160,p99999,2246
49.52,s,581965.53,iops,,p90,26,p99,32,p999,2150,p9999,2160,p99999,2166
50.53,s,460667.87,iops,,p90,27,p99,33,p999,2152,p9999,2162,p99999,2168
51.54,s,431148.26,iops,,p90,25,p99,30,p999,2148,p9999,2158,p99999,2161
52.55,s,2752.73,iops,,p90,8,p99,9,p999,11,p9999,12,p99999,12
1.00,s,768538.97,iops,,p90,26,p99,29,p999,37,p9999,152,p99999,315
2.01,s,744838.21,iops,,p90,27,p99,31,p999,61,p9999,667,p99999,1073
3.03,s,764824.61,iops,,p90,26,p99,30,p999,54,p9999,186,p99999,629
4.05,s,760905.50,iops,,p90,26,p99,31,p999,62,p9999,174,p99999,223
5.06,s,763219.63,iops,,p90,26,p99,30,p999,72,p9999,288,p99999,922
1.00,s,778152.09,iops,,p90,25,p99,29,p999,36,p9999,164,p99999,266
2.01,s,759147.78,iops,,p90,26,p99,30,p999,49,p9999,111,p99999,216
3.03,s,756488.18,iops,,p90,26,p99,30,p999,73,p9999,584,p99999,1724
4.04,s,651023.99,iops,,p90,26,p99,30,p999,2146,p9999,2158,p99999,2166
5.06,s,441194.73,iops,,p90,26,p99,33,p999,2151,p9999,2161,p99999,2171
6.07,s,457241.84,iops,,p90,26,p99,33,p999,2152,p9999,2160,p99999,2166
7.08,s,460707.02,iops,,p90,25,p99,31,p999,2151,p9999,2160,p99999,2162
8.09,s,449394.49,iops,,p90,26,p99,33,p999,2152,p9999,2163,p99999,2170
9.10,s,440158.30,iops,,p90,26,p99,36,p999,2152,p9999,2160,p99999,2164
10.11,s,425977.86,iops,,p90,27,p99,51,p999,2152,p9999,2162,p99999,2184
11.12,s,435060.89,iops,,p90,26,p99,37,p999,2152,p9999,2161,p99999,2178
12.13,s,501168.07,iops,,p90,27,p99,33,p999,2151,p9999,2160,p99999,2173
13.14,s,450639.73,iops,,p90,26,p99,32,p999,2151,p9999,2162,p99999,2170
14.15,s,435972.73,iops,,p90,28,p99,36,p999,2152,p9999,2161,p99999,2183
15.16,s,478095.68,iops,,p90,26,p99,32,p999,2151,p9999,2162,p99999,2312
16.17,s,423771.59,iops,,p90,27,p99,45,p999,2151,p9999,2163,p99999,2170
17.18,s,519470.46,iops,,p90,26,p99,31,p999,2150,p9999,2158,p99999,2163
18.19,s,462477.75,iops,,p90,27,p99,32,p999,2152,p9999,2161,p99999,2172
19.20,s,466905.08,iops,,p90,26,p99,31,p999,2152,p9999,2160,p99999,2170
20.21,s,472265.58,iops,,p90,27,p99,34,p999,2151,p9999,2163,p99999,2179
21.22,s,458184.88,iops,,p90,26,p99,33,p999,2150,p9999,2159,p99999,2164
22.22,s,478204.90,iops,,p90,27,p99,33,p999,2151,p9999,2161,p99999,2168
23.23,s,464807.72,iops,,p90,25,p99,32,p999,2152,p9999,2160,p99999,2164
24.24,s,433387.88,iops,,p90,27,p99,38,p999,2152,p9999,2162,p99999,2180
25.25,s,467778.97,iops,,p90,26,p99,31,p999,2152,p9999,2164,p99999,2191
26.26,s,442698.71,iops,,p90,27,p99,36,p999,2152,p9999,2160,p99999,2282
27.27,s,313310.91,iops,,p90,27,p99,2143,p999,2154,p9999,2165,p99999,2181
28.27,s,517101.88,iops,,p90,26,p99,30,p999,2150,p9999,2160,p99999,2177
29.28,s,527846.83,iops,,p90,26,p99,31,p999,2150,p9999,2159,p99999,2168
30.29,s,405712.73,iops,,p90,28,p99,101,p999,2153,p9999,2184,p99999,2297
31.30,s,460948.74,iops,,p90,27,p99,33,p999,2150,p9999,2159,p99999,2162
32.31,s,436930.61,iops,,p90,27,p99,35,p999,2152,p9999,2161,p99999,2166
33.32,s,497281.85,iops,,p90,26,p99,31,p999,2151,p9999,2162,p99999,2167
34.33,s,443336.54,iops,,p90,27,p99,33,p999,2151,p9999,2159,p99999,2162
35.34,s,466384.58,iops,,p90,26,p99,31,p999,2151,p9999,2162,p99999,2193
36.35,s,462932.37,iops,,p90,28,p99,34,p999,2152,p9999,2163,p99999,2178
37.36,s,468395.34,iops,,p90,26,p99,33,p999,2150,p9999,2164,p99999,2190
38.37,s,468221.20,iops,,p90,26,p99,33,p999,2150,p9999,2160,p99999,2204
39.38,s,468726.84,iops,,p90,27,p99,32,p999,2151,p9999,2163,p99999,3348
40.39,s,466867.23,iops,,p90,27,p99,33,p999,2151,p9999,2162,p99999,2178
41.40,s,440580.34,iops,,p90,27,p99,36,p999,2151,p9999,2159,p99999,2172
42.41,s,487916.25,iops,,p90,26,p99,31,p999,2151,p9999,2161,p99999,2168
43.42,s,458675.32,iops,,p90,27,p99,33,p999,2151,p9999,2163,p99999,2214
44.42,s,454029.21,iops,,p90,26,p99,33,p999,2151,p9999,2161,p99999,2167
45.43,s,442922.80,iops,,p90,27,p99,34,p999,2152,p9999,2160,p99999,2168
46.44,s,406149.39,iops,,p90,27,p99,90,p999,2154,p9999,2164,p99999,2175
47.45,s,361855.75,iops,,p90,26,p99,1095,p999,2152,p9999,2162,p99999,2164
48.46,s,588991.42,iops,,p90,26,p99,30,p999,2149,p9999,2155,p99999,2178
49.47,s,454529.18,iops,,p90,27,p99,35,p999,2152,p9999,2162,p99999,2176
50.48,s,444064.17,iops,,p90,27,p99,37,p999,2153,p9999,2166,p99999,2178
51.49,s,416409.97,iops,,p90,27,p99,78,p999,2151,p9999,2163,p99999,2170
52.50,s,389340.86,iops,,p90,25,p99,29,p999,2149,p9999,2157,p99999,2165
1.00,s,783132.10,iops,,p90,25,p99,29,p999,39,p9999,110,p99999,253
2.01,s,752149.34,iops,,p90,26,p99,31,p999,66,p9999,229,p99999,1250
3.03,s,763388.42,iops,,p90,26,p99,30,p999,49,p9999,142,p99999,244
4.05,s,766011.51,iops,,p90,26,p99,31,p999,47,p9999,167,p99999,229
1.00,s,780558.61,iops,,p90,25,p99,29,p999,40,p9999,153,p99999,260
2.01,s,774030.44,iops,,p90,25,p99,29,p999,43,p9999,98,p99999,232
3.03,s,754787.97,iops,,p90,26,p99,31,p999,65,p9999,289,p99999,469
4.04,s,650002.41,iops,,p90,26,p99,31,p999,2146,p9999,2156,p99999,2174
5.06,s,443350.57,iops,,p90,27,p99,33,p999,2152,p9999,2162,p99999,2172
1.00,s,787435.60,iops,,p90,25,p99,29,p999,41,p9999,120,p99999,238
2.01,s,773175.90,iops,,p90,25,p99,29,p999,47,p9999,162,p99999,1266
3.03,s,757654.86,iops,,p90,26,p99,30,p999,49,p9999,110,p99999,572
4.04,s,654804.48,iops,,p90,25,p99,30,p999,2147,p9999,2160,p99999,2168
5.06,s,363263.67,iops,,p90,27,p99,1095,p999,2153,p9999,2160,p99999,2167
6.06,s,529332.63,iops,,p90,26,p99,31,p999,2151,p9999,2160,p99999,2164
7.07,s,127793.66,iops,,p90,27,p99,2150,p999,2156,p9999,2163,p99999,2173
8.08,s,17215.55,iops,,p90,2150,p99,2155,p999,2160,p9999,2163,p99999,2165
9.08,s,17190.38,iops,,p90,2150,p99,2156,p999,2171,p9999,2313,p99999,2313
10.08,s,17200.60,iops,,p90,2150,p99,2155,p999,2160,p9999,2175,p99999,2175
11.08,s,17183.38,iops,,p90,2150,p99,2156,p999,2161,p9999,2166,p99999,2168
12.08,s,17198.45,iops,,p90,2150,p99,2157,p999,2166,p9999,2230,p99999,2230
13.08,s,17195.12,iops,,p90,2151,p99,2156,p999,2161,p9999,2162,p99999,2163
14.08,s,17199.36,iops,,p90,2151,p99,2156,p999,2162,p9999,2164,p99999,2164
15.08,s,17176.39,iops,,p90,2151,p99,2157,p999,2162,p9999,2179,p99999,2180
16.08,s,17206.31,iops,,p90,2151,p99,2157,p999,2162,p9999,2177,p99999,2177
17.08,s,17189.12,iops,,p90,2150,p99,2157,p999,2164,p9999,2170,p99999,2170
18.08,s,17214.15,iops,,p90,2151,p99,2159,p999,2164,p9999,2184,p99999,2184
19.08,s,17171.05,iops,,p90,2151,p99,2159,p999,2164,p9999,2302,p99999,2302
20.08,s,16692.22,iops,,p90,2151,p99,2160,p999,2166,p9999,2170,p99999,2170
1.00,s,774831.19,iops,,p90,26,p99,29,p999,37,p9999,144,p99999,250
2.01,s,774325.05,iops,,p90,25,p99,29,p999,46,p9999,104,p99999,772
3.03,s,752296.79,iops,,p90,26,p99,30,p999,62,p9999,427,p99999,812
4.05,s,654432.49,iops,,p90,26,p99,31,p999,2146,p9999,2161,p99999,2170
5.07,s,449036.31,iops,,p90,27,p99,32,p999,2153,p9999,2164,p99999,2171
6.08,s,474464.19,iops,,p90,26,p99,33,p999,2151,p9999,2161,p99999,2192
7.09,s,400261.45,iops,,p90,27,p99,1087,p999,2153,p9999,2163,p99999,2166
8.10,s,498557.69,iops,,p90,26,p99,31,p999,2151,p9999,2161,p99999,2256
9.11,s,377193.17,iops,,p90,27,p99,1093,p999,2154,p9999,2164,p99999,2167
10.12,s,479088.91,iops,,p90,27,p99,33,p999,2151,p9999,2163,p99999,2172
11.12,s,495222.50,iops,,p90,26,p99,31,p999,2151,p9999,2159,p99999,2201
12.14,s,441628.35,iops,,p90,27,p99,37,p999,2152,p9999,2161,p99999,2167
13.15,s,450568.30,iops,,p90,26,p99,33,p999,2151,p9999,2169,p99999,2196
14.16,s,459465.59,iops,,p90,27,p99,33,p999,2152,p9999,2164,p99999,2186
15.17,s,466094.61,iops,,p90,26,p99,32,p999,2152,p9999,2161,p99999,2167
16.18,s,464952.13,iops,,p90,27,p99,32,p999,2153,p9999,2163,p99999,2173
17.19,s,464067.57,iops,,p90,26,p99,32,p999,2151,p9999,2162,p99999,2175
18.20,s,470004.34,iops,,p90,27,p99,33,p999,2151,p9999,2158,p99999,2162
19.21,s,470307.44,iops,,p90,27,p99,32,p999,2151,p9999,2160,p99999,2162
20.22,s,467377.31,iops,,p90,27,p99,33,p999,2152,p9999,2164,p99999,2228
21.23,s,451847.23,iops,,p90,26,p99,32,p999,2152,p9999,2162,p99999,2166
22.24,s,430834.32,iops,,p90,27,p99,35,p999,2151,p9999,2160,p99999,2246
23.25,s,522679.18,iops,,p90,26,p99,31,p999,2151,p9999,2159,p99999,2167
24.26,s,392233.85,iops,,p90,27,p99,1086,p999,2153,p9999,2169,p99999,2175
25.27,s,503679.24,iops,,p90,27,p99,31,p999,2151,p9999,2161,p99999,2173
26.27,s,446853.25,iops,,p90,26,p99,35,p999,2151,p9999,2160,p99999,2162
27.28,s,317027.99,iops,,p90,27,p99,2144,p999,2153,p9999,2162,p99999,2165
28.29,s,587578.38,iops,,p90,25,p99,30,p999,2149,p9999,2157,p99999,2180
29.30,s,403978.99,iops,,p90,27,p99,223,p999,2151,p9999,2159,p99999,2163
30.31,s,462292.07,iops,,p90,28,p99,35,p999,2152,p9999,2163,p99999,2167
31.32,s,441033.14,iops,,p90,27,p99,35,p999,2151,p9999,2160,p99999,2164
32.33,s,473817.16,iops,,p90,26,p99,31,p999,2151,p9999,2160,p99999,2164
33.34,s,451418.59,iops,,p90,26,p99,32,p999,2152,p9999,2162,p99999,2172
34.35,s,452775.68,iops,,p90,27,p99,33,p999,2152,p9999,2162,p99999,2165
35.36,s,469296.20,iops,,p90,26,p99,32,p999,2152,p9999,2162,p99999,2199
36.37,s,461821.60,iops,,p90,26,p99,32,p999,2151,p9999,2163,p99999,2168
37.38,s,473011.75,iops,,p90,26,p99,32,p999,2150,p9999,2156,p99999,2164
38.39,s,470799.00,iops,,p90,26,p99,32,p999,2151,p9999,2160,p99999,2191
39.40,s,447936.26,iops,,p90,27,p99,33,p999,2151,p9999,2160,p99999,2163
40.41,s,480325.07,iops,,p90,27,p99,33,p999,2153,p9999,2166,p99999,2175
41.42,s,456969.52,iops,,p90,27,p99,33,p999,2152,p9999,2161,p99999,2200
42.43,s,457744.18,iops,,p90,28,p99,34,p999,2151,p9999,2162,p99999,2260
43.43,s,446094.88,iops,,p90,27,p99,33,p999,2153,p9999,2163,p99999,2258
44.44,s,455819.64,iops,,p90,27,p99,34,p999,2153,p9999,2164,p99999,2170
45.45,s,441925.43,iops,,p90,28,p99,35,p999,2154,p9999,2166,p99999,2288
46.46,s,456521.87,iops,,p90,27,p99,35,p999,2152,p9999,2164,p99999,2278
1.00,s,767444.28,iops,,p90,26,p99,29,p999,42,p9999,162,p99999,246
2.02,s,763216.90,iops,,p90,26,p99,30,p999,46,p9999,99,p99999,271
3.03,s,752492.35,iops,,p90,26,p99,30,p999,58,p9999,223,p99999,2358
4.04,s,703346.93,iops,,p90,27,p99,31,p999,87,p9999,2153,p99999,2165
5.06,s,458544.35,iops,,p90,27,p99,32,p999,2152,p9999,2160,p99999,2164
6.07,s,459171.39,iops,,p90,27,p99,32,p999,2152,p9999,2161,p99999,2175
7.08,s,468138.77,iops,,p90,26,p99,31,p999,2152,p9999,2160,p99999,2164
8.09,s,460079.13,iops,,p90,27,p99,33,p999,2151,p9999,2159,p99999,2164
9.10,s,454617.46,iops,,p90,27,p99,34,p999,2152,p9999,2160,p99999,2168
10.10,s,462685.18,iops,,p90,27,p99,34,p999,2151,p9999,2162,p99999,2170
11.11,s,457508.88,iops,,p90,26,p99,31,p999,2151,p9999,2160,p99999,2168
12.12,s,450796.50,iops,,p90,27,p99,34,p999,2152,p9999,2163,p99999,2226
13.13,s,470847.78,iops,,p90,26,p99,31,p999,2151,p9999,2161,p99999,2240
14.14,s,474438.05,iops,,p90,27,p99,33,p999,2152,p9999,2162,p99999,2167
15.15,s,474445.23,iops,,p90,26,p99,32,p999,2151,p9999,2163,p99999,2171
1.00,s,786042.91,iops,,p90,25,p99,28,p999,44,p9999,124,p99999,433
2.01,s,763601.09,iops,,p90,25,p99,29,p999,51,p9999,324,p99999,503
3.03,s,757573.25,iops,,p90,26,p99,30,p999,58,p9999,483,p99999,689
4.05,s,593449.93,iops,,p90,27,p99,33,p999,2138,p9999,2152,p99999,2159
5.06,s,541730.69,iops,,p90,25,p99,29,p999,2149,p9999,2160,p99999,2180
6.07,s,434540.75,iops,,p90,26,p99,43,p999,2151,p9999,2158,p99999,2170
7.08,s,467872.29,iops,,p90,26,p99,31,p999,2152,p9999,2162,p99999,2202
8.09,s,461819.64,iops,,p90,26,p99,33,p999,2152,p9999,2164,p99999,2212
9.10,s,441618.93,iops,,p90,26,p99,37,p999,2151,p9999,2160,p99999,2163
10.11,s,467578.15,iops,,p90,27,p99,34,p999,2152,p9999,2160,p99999,2166
11.11,s,399669.14,iops,,p90,26,p99,1085,p999,2153,p9999,2161,p99999,2167
12.12,s,484220.29,iops,,p90,27,p99,33,p999,2153,p9999,2162,p99999,2173
13.13,s,447923.40,iops,,p90,27,p99,33,p999,2153,p9999,2163,p99999,2188
14.14,s,465378.38,iops,,p90,27,p99,34,p999,2153,p9999,2163,p99999,2177
15.15,s,469142.48,iops,,p90,26,p99,31,p999,2151,p9999,2159,p99999,2163
16.16,s,463977.64,iops,,p90,27,p99,34,p999,2153,p9999,2165,p99999,4178
17.17,s,473703.86,iops,,p90,26,p99,31,p999,2151,p9999,2160,p99999,2164
18.18,s,468718.49,iops,,p90,27,p99,34,p999,2152,p9999,2162,p99999,2271
19.19,s,469773.57,iops,,p90,27,p99,32,p999,2152,p9999,2162,p99999,2167
20.20,s,433604.95,iops,,p90,28,p99,38,p999,2153,p9999,2166,p99999,2174
21.21,s,508922.02,iops,,p90,27,p99,31,p999,2152,p9999,2163,p99999,2177
22.22,s,396020.29,iops,,p90,27,p99,162,p999,2153,p9999,2163,p99999,2175
23.22,s,517118.15,iops,,p90,27,p99,31,p999,2151,p9999,2160,p99999,2162
24.23,s,379838.57,iops,,p90,27,p99,1092,p999,2154,p9999,2162,p99999,2166
25.24,s,533692.97,iops,,p90,26,p99,31,p999,2151,p9999,2161,p99999,2165
26.25,s,462705.86,iops,,p90,26,p99,32,p999,2152,p9999,2161,p99999,2165
27.26,s,305656.60,iops,,p90,27,p99,2144,p999,2154,p9999,2161,p99999,2165
1.00,s,771119.42,iops,,p90,26,p99,29,p999,40,p9999,112,p99999,267
2.01,s,769521.37,iops,,p90,26,p99,29,p999,40,p9999,130,p99999,228
3.03,s,750370.39,iops,,p90,26,p99,30,p999,66,p9999,558,p99999,1614
4.04,s,651551.68,iops,,p90,26,p99,31,p999,2148,p9999,2157,p99999,2167
5.06,s,371990.18,iops,,p90,27,p99,1094,p999,2154,p9999,2161,p99999,2168
6.06,s,536243.19,iops,,p90,27,p99,31,p999,2150,p9999,2162,p99999,2171
7.07,s,458351.61,iops,,p90,27,p99,32,p999,2153,p9999,2163,p99999,2171
8.08,s,389798.74,iops,,p90,27,p99,1090,p999,2152,p9999,2161,p99999,2174
9.09,s,505511.30,iops,,p90,26,p99,31,p999,2151,p9999,2163,p99999,2211
10.10,s,405273.79,iops,,p90,28,p99,93,p999,2153,p9999,2164,p99999,2181
11.11,s,470679.60,iops,,p90,27,p99,31,p999,2151,p9999,2161,p99999,2181
12.12,s,458368.37,iops,,p90,27,p99,33,p999,2151,p9999,2162,p99999,2177
13.13,s,473294.29,iops,,p90,26,p99,32,p999,2151,p9999,2161,p99999,2163
14.14,s,467849.38,iops,,p90,27,p99,33,p999,2152,p9999,2163,p99999,2287
15.15,s,460313.34,iops,,p90,27,p99,32,p999,2152,p9999,2163,p99999,2174
16.16,s,457262.20,iops,,p90,26,p99,34,p999,2153,p9999,2162,p99999,2174
17.17,s,469490.04,iops,,p90,26,p99,32,p999,2151,p9999,2162,p99999,2168
18.18,s,451223.31,iops,,p90,27,p99,36,p999,2151,p9999,2159,p99999,2163
19.19,s,477591.93,iops,,p90,26,p99,32,p999,2151,p9999,2162,p99999,2213
20.20,s,399624.37,iops,,p90,27,p99,1082,p999,2153,p9999,2166,p99999,2189
21.21,s,478623.95,iops,,p90,26,p99,31,p999,2151,p9999,2162,p99999,2170
22.22,s,484769.45,iops,,p90,26,p99,31,p999,2151,p9999,2160,p99999,2185
1.00,s,796664.64,iops,,p90,25,p99,28,p999,46,p9999,286,p99999,557
2.02,s,788771.97,iops,,p90,25,p99,28,p999,47,p9999,346,p99999,549
3.04,s,773019.11,iops,,p90,25,p99,30,p999,50,p9999,382,p99999,916
4.05,s,622785.48,iops,,p90,26,p99,30,p999,2138,p9999,2161,p99999,2253
5.06,s,435426.84,iops,,p90,26,p99,42,p999,2145,p9999,2164,p99999,2298
6.08,s,470504.79,iops,,p90,26,p99,34,p999,2146,p9999,2163,p99999,2284
7.08,s,448722.59,iops,,p90,25,p99,44,p999,2142,p9999,2158,p99999,2176
8.10,s,440409.71,iops,,p90,26,p99,43,p999,2143,p9999,2164,p99999,4210
9.11,s,433393.84,iops,,p90,25,p99,49,p999,2144,p9999,2164,p99999,2292
10.12,s,491580.18,iops,,p90,27,p99,34,p999,2145,p9999,2167,p99999,2185
11.13,s,396414.62,iops,,p90,25,p99,1079,p999,2145,p9999,2158,p99999,2165
1.00,s,812524.81,iops,,p90,24,p99,28,p999,41,p9999,106,p99999,424
2.02,s,749911.81,iops,,p90,26,p99,31,p999,66,p9999,485,p99999,1132
3.04,s,751186.72,iops,,p90,26,p99,30,p999,55,p9999,399,p99999,555
4.05,s,752898.89,iops,,p90,26,p99,31,p999,70,p9999,501,p99999,704
5.07,s,738647.53,iops,,p90,26,p99,31,p999,74,p9999,501,p99999,815
6.09,s,735587.92,iops,,p90,27,p99,31,p999,74,p9999,529,p99999,857
7.10,s,749088.61,iops,,p90,26,p99,31,p999,63,p9999,547,p99999,2453
8.12,s,741214.08,iops,,p90,27,p99,31,p999,66,p9999,168,p99999,245
9.14,s,737685.27,iops,,p90,27,p99,32,p999,83,p9999,199,p99999,794
10.15,s,777958.93,iops,,p90,25,p99,30,p999,50,p9999,151,p99999,218
11.16,s,764355.87,iops,,p90,26,p99,30,p999,47,p9999,161,p99999,251
12.18,s,761035.20,iops,,p90,26,p99,30,p999,61,p9999,166,p99999,238
13.19,s,756267.99,iops,,p90,27,p99,30,p999,61,p9999,188,p99999,394
14.21,s,746021.85,iops,,p90,27,p99,31,p999,68,p9999,205,p99999,1177
15.23,s,769082.05,iops,,p90,26,p99,30,p999,53,p9999,172,p99999,233
16.24,s,769748.49,iops,,p90,26,p99,30,p999,54,p9999,172,p99999,969
17.26,s,773958.39,iops,,p90,26,p99,30,p999,56,p9999,182,p99999,545
18.28,s,769551.32,iops,,p90,26,p99,30,p999,49,p9999,170,p99999,225
19.29,s,762776.72,iops,,p90,26,p99,30,p999,54,p9999,139,p99999,242
20.31,s,749486.76,iops,,p90,27,p99,31,p999,55,p9999,195,p99999,1274
21.32,s,766244.16,iops,,p90,26,p99,30,p999,55,p9999,149,p99999,224
22.34,s,764703.97,iops,,p90,26,p99,30,p999,56,p9999,137,p99999,196
23.35,s,767660.01,iops,,p90,26,p99,30,p999,49,p9999,149,p99999,239
24.37,s,773733.24,iops,,p90,26,p99,30,p999,61,p9999,165,p99999,220
25.38,s,774165.25,iops,,p90,26,p99,30,p999,60,p9999,147,p99999,229
26.40,s,637844.89,iops,,p90,27,p99,30,p999,2148,p9999,2163,p99999,2174
27.41,s,589307.38,iops,,p90,26,p99,30,p999,2152,p9999,2159,p99999,2216
28.42,s,636899.26,iops,,p90,26,p99,30,p999,2150,p9999,2156,p99999,2169
29.43,s,570963.43,iops,,p90,27,p99,32,p999,2152,p9999,2159,p99999,2165
30.44,s,319524.56,iops,,p90,28,p99,2142,p999,2155,p9999,2162,p99999,2169
31.45,s,603095.59,iops,,p90,33,p99,43,p999,157,p9999,319,p99999,7527
32.46,s,502721.66,iops,,p90,27,p99,35,p999,2152,p9999,2165,p99999,5003
33.48,s,764205.43,iops,,p90,26,p99,30,p999,50,p9999,163,p99999,268
34.50,s,754475.98,iops,,p90,26,p99,30,p999,56,p9999,170,p99999,245
35.51,s,241712.00,iops,,p90,26,p99,31,p999,40,p9999,172,p99999,227
1.00,s,769591.98,iops,,p90,26,p99,29,p999,39,p9999,146,p99999,249
2.01,s,775426.96,iops,,p90,26,p99,29,p999,44,p9999,142,p99999,201
3.03,s,769085.44,iops,,p90,26,p99,29,p999,43,p9999,116,p99999,222
4.04,s,681895.40,iops,,p90,26,p99,30,p999,2145,p9999,2160,p99999,2171
5.06,s,393864.11,iops,,p90,27,p99,1089,p999,2153,p9999,2162,p99999,2166
6.07,s,530239.25,iops,,p90,27,p99,32,p999,2150,p9999,2161,p99999,2173
7.08,s,462271.50,iops,,p90,26,p99,32,p999,2151,p9999,2183,p99999,2279
8.09,s,472837.37,iops,,p90,27,p99,33,p999,2151,p9999,2160,p99999,2163
9.10,s,412072.85,iops,,p90,27,p99,69,p999,2151,p9999,2161,p99999,2165
10.11,s,511341.37,iops,,p90,27,p99,32,p999,2151,p9999,2161,p99999,2164
11.12,s,422389.07,iops,,p90,26,p99,46,p999,2152,p9999,2161,p99999,2174
12.13,s,495730.03,iops,,p90,26,p99,33,p999,2151,p9999,2161,p99999,2271
13.14,s,464323.88,iops,,p90,26,p99,31,p999,2151,p9999,2161,p99999,2177
14.15,s,442630.46,iops,,p90,27,p99,38,p999,2152,p9999,2161,p99999,2184
15.16,s,473617.25,iops,,p90,26,p99,32,p999,2152,p9999,2163,p99999,2169
16.17,s,476208.55,iops,,p90,26,p99,34,p999,2152,p9999,2163,p99999,2296
17.18,s,474534.63,iops,,p90,26,p99,31,p999,2151,p9999,2162,p99999,2275
18.19,s,474673.76,iops,,p90,26,p99,32,p999,2151,p9999,2162,p99999,2207
19.20,s,475033.79,iops,,p90,26,p99,31,p999,2151,p9999,2159,p99999,2163
20.21,s,464952.95,iops,,p90,27,p99,33,p999,2152,p9999,2163,p99999,2174
1.00,s,787056.42,iops,,p90,25,p99,29,p999,48,p9999,374,p99999,676
2.02,s,756326.89,iops,,p90,26,p99,30,p999,55,p9999,394,p99999,584
3.03,s,748266.88,iops,,p90,26,p99,30,p999,77,p9999,526,p99999,1530
4.05,s,700045.13,iops,,p90,25,p99,31,p999,1080,p9999,2157,p99999,2299
5.06,s,440699.29,iops,,p90,26,p99,37,p999,2146,p9999,2164,p99999,2182
6.07,s,477246.62,iops,,p90,26,p99,34,p999,2143,p9999,2162,p99999,2243
7.08,s,449337.76,iops,,p90,26,p99,35,p999,2143,p9999,2158,p99999,3310
8.09,s,458377.73,iops,,p90,26,p99,37,p999,2146,p9999,2164,p99999,2280
9.09,s,445476.38,iops,,p90,26,p99,39,p999,2144,p9999,2165,p99999,2183
10.10,s,476276.23,iops,,p90,27,p99,34,p999,2144,p9999,2165,p99999,2247
11.11,s,433984.50,iops,,p90,25,p99,43,p999,2145,p9999,2159,p99999,2165
12.12,s,450610.87,iops,,p90,27,p99,34,p999,2152,p9999,2163,p99999,2184
13.13,s,451155.23,iops,,p90,27,p99,32,p999,2151,p9999,2160,p99999,2164
14.14,s,433901.91,iops,,p90,28,p99,37,p999,2153,p9999,2166,p99999,2288
15.15,s,460580.72,iops,,p90,26,p99,33,p999,2150,p9999,2158,p99999,2162
16.16,s,468069.78,iops,,p90,27,p99,34,p999,2152,p9999,2165,p99999,2230
1.00,s,793256.65,iops,,p90,25,p99,28,p999,49,p9999,253,p99999,567
2.02,s,751358.78,iops,,p90,26,p99,30,p999,49,p9999,189,p99999,428
3.03,s,743687.93,iops,,p90,27,p99,30,p999,61,p9999,191,p99999,694
4.05,s,734437.47,iops,,p90,26,p99,30,p999,89,p9999,2157,p99999,2206
5.06,s,461044.50,iops,,p90,26,p99,33,p999,2151,p9999,2161,p99999,2163
6.07,s,469963.30,iops,,p90,26,p99,33,p999,2151,p9999,2159,p99999,2162
7.09,s,464811.12,iops,,p90,26,p99,33,p999,2151,p9999,2161,p99999,2167
8.10,s,479380.99,iops,,p90,26,p99,32,p999,2151,p9999,2159,p99999,2167
9.11,s,459210.52,iops,,p90,26,p99,34,p999,2151,p9999,2162,p99999,2176
10.12,s,468622.85,iops,,p90,26,p99,33,p999,2151,p9999,2161,p99999,5399
11.13,s,461660.67,iops,,p90,26,p99,33,p999,2151,p9999,2160,p99999,2266
12.14,s,464147.32,iops,,p90,27,p99,34,p999,2152,p9999,2163,p99999,2182
13.15,s,466330.84,iops,,p90,26,p99,32,p999,2151,p9999,2160,p99999,2177
14.16,s,460025.68,iops,,p90,27,p99,34,p999,2153,p9999,2164,p99999,2243
15.17,s,465659.22,iops,,p90,26,p99,33,p999,2151,p9999,2157,p99999,2162
16.18,s,462588.57,iops,,p90,26,p99,33,p999,2152,p9999,2164,p99999,2237
17.19,s,455998.21,iops,,p90,26,p99,35,p999,2151,p9999,2159,p99999,2258
18.20,s,428105.44,iops,,p90,28,p99,38,p999,2153,p9999,2164,p99999,2170
19.21,s,475710.39,iops,,p90,26,p99,31,p999,2151,p9999,2161,p99999,2194
20.22,s,475567.27,iops,,p90,27,p99,33,p999,2151,p9999,2161,p99999,2184
21.23,s,476098.73,iops,,p90,26,p99,32,p999,2150,p9999,2161,p99999,2196
22.24,s,474003.54,iops,,p90,27,p99,32,p999,2152,p9999,2161,p99999,2180
23.25,s,476918.52,iops,,p90,26,p99,31,p999,2151,p9999,2163,p99999,2202
24.26,s,473547.55,iops,,p90,27,p99,33,p999,2153,p9999,2175,p99999,2272
25.27,s,476291.94,iops,,p90,26,p99,32,p999,2151,p9999,2159,p99999,2165
26.28,s,475476.22,iops,,p90,26,p99,32,p999,2151,p9999,2159,p99999,2166
27.29,s,475719.96,iops,,p90,26,p99,33,p999,2151,p9999,2159,p99999,2166
28.30,s,473415.87,iops,,p90,27,p99,33,p999,2152,p9999,2163,p99999,2182
29.31,s,475364.00,iops,,p90,27,p99,32,p999,2151,p9999,2161,p99999,2168
30.32,s,475006.34,iops,,p90,26,p99,32,p999,2152,p9999,2163,p99999,2191
31.33,s,472890.02,iops,,p90,26,p99,32,p999,2150,p9999,2158,p99999,2166
32.34,s,453562.08,iops,,p90,26,p99,33,p999,2151,p9999,2161,p99999,2177
33.35,s,464776.19,iops,,p90,26,p99,32,p999,2150,p9999,2159,p99999,2164
34.36,s,406673.28,iops,,p90,26,p99,145,p999,2153,p9999,2162,p99999,2167
35.37,s,503426.27,iops,,p90,27,p99,31,p999,2150,p9999,2158,p99999,2162
36.38,s,458284.63,iops,,p90,27,p99,33,p999,2152,p9999,2160,p99999,2169
37.38,s,440577.53,iops,,p90,26,p99,37,p999,2152,p9999,2191,p99999,2258
38.39,s,477395.68,iops,,p90,26,p99,32,p999,2151,p9999,2161,p99999,2173
39.40,s,464271.38,iops,,p90,26,p99,32,p999,2152,p9999,2163,p99999,2176
40.41,s,458354.19,iops,,p90,28,p99,35,p999,2153,p9999,2161,p99999,2167
41.42,s,453589.64,iops,,p90,27,p99,34,p999,2152,p9999,2164,p99999,2194
42.43,s,476842.88,iops,,p90,26,p99,32,p999,2150,p9999,2159,p99999,2168
43.44,s,418232.30,iops,,p90,27,p99,44,p999,2153,p9999,2162,p99999,2216
44.45,s,496556.20,iops,,p90,26,p99,31,p999,2151,p9999,2163,p99999,2215
45.46,s,454766.52,iops,,p90,27,p99,34,p999,2152,p9999,2162,p99999,2167
46.47,s,473789.53,iops,,p90,27,p99,32,p999,2152,p9999,2164,p99999,2286
47.48,s,474663.63,iops,,p90,30,p99,37,p999,2155,p9999,2176,p99999,2308
48.49,s,411791.61,iops,,p90,26,p99,98,p999,2153,p9999,2163,p99999,2184
49.49,s,540363.88,iops,,p90,27,p99,32,p999,2150,p9999,2161,p99999,2167
50.50,s,473859.33,iops,,p90,26,p99,32,p999,2151,p9999,2160,p99999,2173
51.51,s,280767.57,iops,,p90,25,p99,31,p999,2150,p9999,2157,p99999,2162
1.00,s,766093.86,iops,,p90,26,p99,29,p999,39,p9999,99,p99999,252
2.01,s,747426.28,iops,,p90,27,p99,30,p999,46,p9999,134,p99999,226
3.03,s,762648.74,iops,,p90,26,p99,29,p999,45,p9999,102,p99999,571
4.04,s,709006.47,iops,,p90,26,p99,29,p999,103,p9999,2154,p99999,2171
5.06,s,461544.00,iops,,p90,26,p99,32,p999,2152,p9999,2160,p99999,2165
6.07,s,464849.07,iops,,p90,26,p99,32,p999,2151,p9999,2162,p99999,2182
7.08,s,434553.75,iops,,p90,26,p99,41,p999,2151,p9999,2160,p99999,2169
8.08,s,487978.23,iops,,p90,26,p99,31,p999,2151,p9999,2159,p99999,2164
9.09,s,465020.27,iops,,p90,26,p99,31,p999,2151,p9999,2161,p99999,2234
10.10,s,392870.95,iops,,p90,27,p99,1087,p999,2154,p9999,2161,p99999,2166
11.11,s,520729.22,iops,,p90,27,p99,31,p999,2151,p9999,2160,p99999,2166
12.12,s,456458.07,iops,,p90,26,p99,32,p999,2151,p9999,2165,p99999,2236
13.13,s,452602.42,iops,,p90,26,p99,31,p999,2151,p9999,2162,p99999,2195
14.14,s,446501.48,iops,,p90,27,p99,34,p999,2152,p9999,2166,p99999,2189
15.15,s,451592.21,iops,,p90,26,p99,33,p999,2151,p9999,2166,p99999,2261
16.15,s,447255.84,iops,,p90,26,p99,32,p999,2151,p9999,2165,p99999,2196
17.16,s,468848.23,iops,,p90,27,p99,32,p999,2152,p9999,2162,p99999,2188
18.17,s,467272.01,iops,,p90,26,p99,32,p999,2151,p9999,2163,p99999,2193
19.18,s,468915.08,iops,,p90,26,p99,31,p999,2152,p9999,2161,p99999,2165
20.19,s,473842.40,iops,,p90,27,p99,32,p999,2152,p9999,2162,p99999,2192
21.20,s,468372.78,iops,,p90,26,p99,31,p999,2152,p9999,2162,p99999,2197
22.21,s,458817.89,iops,,p90,26,p99,32,p999,2151,p9999,2162,p99999,2186
23.22,s,467560.67,iops,,p90,26,p99,32,p999,2152,p9999,2162,p99999,2166
