secs_elapsed,interval_qps
1,3170856
2,3007400
3,2982888
4,2927940
5,1835376
6,1856428
7,1859808
8,1888516
9,1829656
10,1845404
11,1843884
12,1838484
13,1913260
14,1915544
15,1918784
16,1915828
17,1918860
18,1776076
19,1920216
20,1964552
21,1898284
22,1579592
23,2122264
24,1570112
25,2112956
26,1816488
27,1846608
28,1800460
29,1822640
30,1815492
31,1885264
32,1913128
33,1921328
34,1917672
35,1917596
36,1775564
37,2016356
38,1212756
39,2290576
40,1954164
41,1890256
42,1853824
43,1833060
44,1820176
45,1825696
46,1692720
47,1912528
48,1874288
49,1972476
50,1918272
51,1898996
52,188648
53,0
